0,1,class,prediction,avg,stdv,positive,negative,majority
06-05-10_2250_2280,7.9,1,"[0.99421763, 0.9979219, 0.99968576, 0.9975103, 0.99915993, 0.9960784, 0.99860203, 0.99963194, 0.99994767, 0.9990382, 0.99524295, 0.9976367, 0.9991547, 0.9988215, 0.9996904, 0.99999696, 0.9999937, 0.9999995, 0.9997851]",0.9985324740409851,0.0016652834601700306,19,0,1
06-09-13_2310_2340,8.5,1,"[0.94004524, 0.7154069, 0.98633236, 0.99207413, 0.99774086, 0.13528123, 0.8591098, 0.55937016, 0.99766994, 0.46471596, 0.1288299, 0.8877349, 0.95757484, 0.12764257, 0.99577576, 0.43864354, 0.21781482, 0.051276684, 0.05557368]",0.6057164669036865,0.3722412884235382,11,8,1
07-05-16_1440_1470,-5.9,0,"[0.009947419, 1.5199184e-06, 0.20875564, 0.00012871623, 1.4901161e-07, 0.0031811595, 0.0, 2.9802322e-08, 0.029724091, 0.007272035, 0.00018697977, 0.98905784, 0.071988195, 0.18404433, 0.013222724, 0.0005053282, 0.88099825, 0.79580075, 0.0023298773]",0.1682707816362381,0.31900879740715027,3,16,0
07-09-17_720_750,1.1,1,"[0.97027767, 0.48355103, 0.00017952919, 0.0045925677, 0.02938649, 0.26226714, 0.9999745, 0.0003119409, 0.008061498, 0.24290547, 0.9264452, 0.32550642, 0.31680244, 0.99934185, 0.93617153, 0.9202875, 0.2505109, 0.16982271, 0.99932766]",0.46556442975997925,0.40148359537124634,7,12,0
06-11-08_1410_1440,7.4,1,"[0.027306736, 0.31755626, 0.8729861, 0.9844569, 0.99990636, 0.9474325, 0.9922658, 0.99491405, 0.9986869, 0.9998202, 0.9079958, 0.97521734, 0.99239266, 0.7191029, 0.9837452, 0.9991151, 0.310668, 0.090778045, 0.96658117]",0.7937331199645996,0.32557612657546997,15,4,1
06-05-10_1500_1530,6.8,1,"[0.9964751, 0.99999994, 0.99999803, 0.99999547, 0.9999921, 0.9935298, 0.9999982, 0.9981641, 0.99924123, 0.94820297, 0.987218, 0.99167645, 0.9899466, 0.99998, 0.99997383, 0.99999547, 0.9998324, 0.97755444, 0.97653174]",0.9925424456596375,0.012717152945697308,19,0,1
06-12-13_1680_1710,-2.5,0,"[0.32385913, 0.29536706, 0.1375246, 0.5363851, 0.24839932, 0.9814956, 0.32856274, 0.4734096, 0.94047964, 0.9052602, 0.9928925, 0.8885263, 0.9645096, 0.9908052, 0.14609033, 0.1252495, 0.82889926, 0.020861251, 0.4248678]",0.5554444789886475,0.34719476103782654,9,10,0
06-12-20_1410_1440,-1.7,0,"[0.0030514002, 4.172325e-07, 0.4663745, 0.002164483, 0.026213855, 0.20547473, 0.0010188222, 0.27714172, 0.60589296, 0.9990663, 0.95579374, 0.1246109, 0.036199927, 4.7683716e-07, 0.03458062, 0.0012730956, 0.46789664, 0.0002405408, 1.1359243e-06]",0.22142083942890167,0.3180088400840759,3,16,0
08-01-09_1500_1530,-4.8,0,"[0.99998057, 0.4693919, 0.4653335, 2.3841858e-07, 1.6063452e-05, 1.4007092e-06, 0.0010144413, 0.99388933, 0.18292686, 0.9983175, 0.097513735, 0.9521172, 0.32133913, 1.1920929e-06, 0.0015307069, 0.00023046136, 0.117880695, 0.13481712, 0.05890961]",0.30501115322113037,0.3798876106739044,4,15,0
07-02-21_1770_1800,4.7,1,"[0.9956746, 0.9996983, 0.9988784, 0.99981743, 0.9495529, 0.9958188, 0.9927769, 0.9947221, 0.02124983, 0.99841416, 0.9991842, 0.99804854, 0.99330354, 0.98624194, 0.9991971, 0.45462322, 0.99977785, 0.9999361, 0.99964297]",0.9145557284355164,0.24274510145187378,17,2,1
07-02-28_390_420,2.8,1,"[0.3681956, 0.82521284, 0.9284754, 0.98890847, 0.86232436, 0.9981351, 0.9996379, 0.99929065, 0.99855745, 0.8974427, 0.99967486, 0.99419403, 0.9970914, 0.99996656, 0.9999439, 0.9821205, 0.9923334, 0.9999889, 0.9902006]",0.9379839897155762,0.1436164230108261,18,1,1
06-04-12_1110_1140,2.3,1,"[0.9153986, 0.40405077, 0.5743778, 0.52396035, 0.02053073, 0.2617343, 0.9440098, 0.4865802, 0.116814375, 0.8694592, 0.9742454, 0.06980851, 0.8909869, 0.852955, 0.99670553, 0.22471613, 0.029106876, 0.9961177, 0.0005897142]",0.5343235731124878,0.3741660714149475,10,9,1
06-11-08_720_750,8.5,1,"[0.0354712, 0.9999997, 1.0, 0.9999902, 0.9999082, 0.99999523, 0.99867785, 0.9980371, 0.99997014, 0.9999999, 1.0, 1.0, 0.9999964, 0.99552536, 0.999616, 0.999877, 0.9999989, 0.99996126, 0.99999774]",0.9487907290458679,0.2152741402387619,18,1,1
06-10-11_2040_2070,-3.7,0,"[0.0057032704, 0.12642303, 0.060794055, 0.049448103, 0.058420926, 0.0009345412, 0.00704363, 0.04226625, 0.0008831322, 0.0073717237, 3.2633543e-05, 0.025760472, 0.012029678, 0.1873666, 0.11200327, 0.0018404424, 0.7722645, 0.22931403, 0.005318238]",0.08974835276603699,0.17349186539649963,1,18,0
06-10-18_570_600,3.3,1,"[0.44624743, 0.10918039, 0.014296174, 0.074488014, 0.91589224, 0.42249662, 6.1392784e-05, 0.021763355, 0.87747, 0.28294656, 0.00019270182, 0.4168023, 0.0022124052, 0.018766373, 0.0038326085, 0.9208789, 0.0027322448, 0.1033021, 0.936561]",0.29316434264183044,0.3525572419166565,4,15,0
06-09-06_1260_1290,2.9,1,"[0.6147059, 0.081676155, 0.99517137, 0.9994389, 0.44887647, 0.78651893, 0.35590917, 0.9112965, 0.26204413, 0.29848853, 0.3635202, 0.9555617, 0.21594873, 0.8750627, 0.99907887, 0.9978724, 0.079478666, 0.3154811, 0.035946827]",0.5574777722358704,0.35262826085090637,9,10,0
08-01-23_1200_1230,0.7,1,"[0.64727604, 0.6199119, 0.055238605, 0.6591942, 0.59843326, 0.059544653, 0.0016574562, 0.7212797, 1.0, 0.9932304, 0.06236583, 0.99995416, 0.9996528, 0.9997864, 0.9409229, 0.13426769, 0.8199514, 0.7979315, 0.83450097]",0.6286894679069519,0.36353206634521484,14,5,1
06-12-13_1620_1650,-0.5,0,"[0.008313984, 0.9991957, 0.02181977, 0.20399597, 0.008318514, 0.017296284, 0.025054544, 0.035850525, 0.027471453, 0.46635157, 0.0018338263, 0.0140200555, 0.011526257, 0.0026358366, 0.07516405, 0.017005324, 0.79485077, 0.018036768, 0.0051919855]",0.14494386315345764,0.2810060977935791,2,17,0
06-12-13_270_300,-6.8,0,"[0.864831, 0.90142477, 0.18131098, 0.05201128, 0.30098546, 0.012405723, 0.006918967, 0.9964305, 0.998304, 0.0063076317, 0.05573991, 0.013453275, 0.052431196, 0.016272873, 0.0020785332, 0.40263253, 0.047583863, 0.00033412917, 0.003930502]",0.25870460271835327,0.3681720197200775,4,15,0
07-02-14_390_420,-5.2,0,"[8.940697e-08, 8.940697e-07, 0.004440546, 0.20598024, 0.00041791797, 4.1991472e-05, 0.0077136755, 0.9318707, 0.38514215, 0.53824264, 0.004063338, 0.8193439, 0.39007348, 0.0021659434, 0.43468544, 0.5828823, 0.0035251314, 0.5874424, 0.16409373]",0.2664276957511902,0.3012669086456299,5,14,0
07-01-31_1440_1470,-0.8,0,"[0.19491151, 0.3091092, 0.5746699, 0.9782948, 0.1483967, 0.43207008, 0.34407443, 0.72995317, 0.60416, 0.0060153604, 0.041985214, 0.016710192, 0.012702674, 0.025103241, 6.2584877e-07, 0.00033915043, 0.0073029017, 0.1480314, 0.13932386]",0.24806073307991028,0.2829244136810303,4,15,0
07-01-31_1470_1500,-2.0,0,"[0.99977636, 0.012575626, 0.22533509, 0.0555892, 0.9773352, 0.0022411346, 0.07554093, 0.020443678, 0.031156331, 0.48185796, 0.8214549, 0.09384966, 0.1406239, 0.8852994, 0.00023967028, 0.9497905, 0.17710382, 0.4251139, 0.52741206]",0.3633020520210266,0.37132394313812256,6,13,0
06-10-18_1290_1320,-2.7,0,"[0.9749266, 0.43505588, 2.4467707e-05, 0.99606156, 0.030412674, 0.018017173, 0.35847676, 0.945207, 0.39441186, 0.9999769, 0.3158121, 9.23872e-07, 0.9977001, 0.99750817, 0.0006864369, 0.045900136, 0.038542844, 0.021027828, 0.108433634]",0.4041149318218231,0.41761666536331177,6,13,0
07-09-17_240_270,3.5,1,"[0.16452754, 0.8969339, 0.9791238, 0.036373615, 0.80471426, 0.9579907, 0.94985664, 0.75822204, 0.934098, 0.9490231, 0.54662544, 0.94619876, 0.9887097, 0.92467016, 0.97440594, 0.0051754117, 0.8495025, 1.5975506e-06, 0.013127614]",0.6673305630683899,0.38688308000564575,14,5,1
07-03-28_1170_1200,-3.4,0,"[0.11230147, 0.1320686, 0.9036095, 0.038194448, 0.003791064, 0.0, 0.84680355, 0.23085833, 0.8583941, 0.5233435, 0.8621439, 0.19402859, 0.9906719, 0.0008920431, 0.020137608, 0.13310528, 5.1262773e-06, 5.1584788e-08, 0.00041630157]",0.3079349994659424,0.3704886734485626,6,13,0
08-01-09_1590_1620,-4.6,0,"[0.12815368, 0.17488092, 0.1979166, 0.0024867952, 0.079961985, 0.03626603, 0.82838464, 0.99904263, 4.7683716e-07, 0.0954645, 0.998425, 0.0016704798, 8.940697e-08, 0.9079715, 0.99627304, 0.7823303, 0.16828449, 0.052059833, 0.0934379]",0.34436896443367004,0.3973419964313507,6,13,0
06-05-10_420_450,0.6,1,"[0.38824055, 0.1953184, 0.8332857, 0.08921331, 0.05619383, 0.23823673, 0.9999766, 0.99622166, 0.993608, 0.6192064, 0.770942, 0.98373866, 0.97542095, 0.9627216, 0.9942776, 0.7865671, 0.21203615, 0.010153251, 0.7826787]",0.6256861686706543,0.368590384721756,12,7,1
06-11-08_450_480,4.2,1,"[0.08394092, 1.758337e-06, 0.038586617, 0.23613217, 0.045486033, 0.6924634, 0.9988376, 0.8225125, 0.07369056, 0.6480868, 0.8199518, 0.21752563, 0.055176258, 0.23322064, 0.82868546, 0.9584526, 0.9999207, 0.40138724, 0.2514163]",0.44239339232444763,0.36516618728637695,8,11,0
06-05-24_1650_1680,-4.0,0,"[0.6952577, 0.009688258, 0.0002528727, 0.43210974, 0.9432124, 0.04016286, 0.86379313, 0.33285964, 0.47606376, 0.010711193, 0.017994523, 0.8274598, 0.0014000237, 0.130974, 0.011551678, 0.024566233, 0.009260114, 0.87689894, 0.00040447363]",0.30024319887161255,0.3557286560535431,5,14,0
06-11-29_2280_2310,-4.7,0,"[0.00665465, 0.23203352, 0.012176633, 0.081201434, 0.30272537, 0.00019365549, 0.0009973943, 3.6358833e-06, 1.1920929e-07, 0.7750151, 0.003424883, 0.056037515, 0.7444763, 0.11774826, 1.731515e-05, 1.1920929e-07, 0.00015170156, 0.013338695, 0.00044892778]",0.12350764870643616,0.23334285616874695,2,17,0
07-01-31_1770_1800,-4.1,0,"[0.9657365, 0.0026470423, 3.2126904e-05, 0.00014600158, 0.0026687384, 0.0005671084, 0.14199385, 0.011867225, 0.34287763, 0.57186496, 0.026330769, 0.08240944, 0.20404735, 0.45324406, 0.03815648, 0.5227252, 0.7221716, 0.9972447, 0.92232394]",0.3162660598754883,0.35489487648010254,6,13,0
06-11-15_1110_1140,-2.5,0,"[0.7199675, 0.036041677, 0.041672558, 0.3848019, 0.2640974, 0.06193632, 0.06285408, 0.0034441054, 0.0046211183, 0.004286051, 0.97456646, 0.101686716, 0.39274505, 0.038853973, 0.000112205744, 0.0026784241, 0.020567363, 0.044966906, 5.947922e-05]",0.16631364822387695,0.2655513882637024,2,17,0
06-05-03_1140_1170,-6.6,0,"[0.96891487, 0.6520569, 0.7387439, 0.9138652, 0.34306896, 0.99999607, 0.06390169, 0.12998319, 0.4477943, 0.6362408, 0.95573187, 0.21785781, 0.9820378, 0.81162316, 0.9770652, 0.9864891, 0.0061003026, 0.6349791, 0.8190205]",0.6466037631034851,0.33489105105400085,13,6,1
06-05-31_240_270,-5.8,0,"[0.048635274, 0.010463625, 0.00011777878, 5.662441e-07, 0.0062048137, 0.2586943, 0.25202578, 0.037647337, 0.11765674, 0.6443242, 0.5673306, 0.04802814, 0.0056940317, 1.8179417e-05, 0.010946631, 0.008217514, 0.002076792, 0.0014408606, 0.0014924329]",0.10636924207210541,0.18817578256130219,2,17,0
07-11-14_1230_1260,-2.1,0,"[0.00302881, 0.82868385, 0.81118196, 0.027154982, 0.17111397, 0.006432086, 0.3428582, 0.023250133, 4.7683716e-07, 0.0, 0.20255503, 0.073272735, 1.4513731e-05, 0.11372894, 0.100776464, 0.0058410764, 0.0068011764, 0.0015809475, 0.068122104]",0.14665250480175018,0.24692556262016296,2,17,0
06-10-04_1830_1860,0.2,1,"[0.006995797, 0.5870563, 0.09779456, 0.09509191, 0.07553375, 0.3605681, 0.14567778, 0.9955841, 0.39771914, 0.85526955, 0.09048578, 0.007506788, 0.0028888881, 0.0094302595, 0.00024926662, 0.060059488, 0.004894787, 0.20900317, 0.008019637]",0.2110436111688614,0.29114577174186707,3,16,0
06-09-06_990_1020,1.3,1,"[0.590853, 0.0770458, 0.57946897, 0.95404685, 0.1306982, 0.040335655, 0.0035672784, 0.2944945, 0.4167054, 0.65885663, 0.3528634, 0.9912621, 0.5124588, 0.89874625, 0.4165577, 0.9860381, 0.025296845, 0.50037456, 0.11174512]",0.4495481252670288,0.32936978340148926,9,10,0
06-09-20_1080_1110,-4.9,0,"[0.9171076, 0.00886482, 0.27480602, 0.024658531, 0.007724941, 0.0055935085, 0.03994125, 0.009499639, 0.012373626, 0.014215022, 0.541219, 0.9989902, 0.963525, 0.009605676, 0.12868008, 0.012730807, 0.94179136, 0.9861253, 0.9803783]",0.36199110746383667,0.4283602833747864,7,12,0
06-04-05_2280_2310,5.9,1,"[0.6950209, 0.9995305, 0.99314475, 0.40704, 0.19959801, 0.09823164, 0.5431152, 0.89352006, 0.9992136, 0.20691451, 0.99257195, 0.999882, 0.99179506, 0.06774777, 0.66551507, 0.9933965, 0.16864628, 0.99461514, 0.68704766]",0.6629761457443237,0.3524126410484314,13,6,1
07-02-14_870_900,0.8,1,"[0.9815385, 0.844262, 0.36045563, 0.9175339, 0.9784925, 0.04873374, 0.42583257, 0.9982021, 0.9997573, 0.43638024, 0.9997765, 0.0010781586, 0.00054338574, 0.9804171, 0.41811532, 0.5586595, 0.996828, 0.06772953, 0.025223792]",0.58102947473526,0.3978740870952606,10,9,1
08-01-30_690_720,2.6,1,"[0.8212551, 0.107765615, 0.00070497394, 0.007754147, 0.07758969, 8.389354e-05, 3.4570694e-06, 0.0003837049, 0.113998294, 0.1219973, 0.0005105436, 0.0046905875, 0.83526415, 0.00041294098, 0.39950746, 0.64383054, 0.03489212, 0.73925847, 0.77616096]",0.24663496017456055,0.3233252465724945,5,14,0
07-05-30_2280_2310,-2.8,0,"[0.00016707182, 9.718537e-05, 0.021558553, 0.026560545, 0.045030832, 0.43078867, 0.0060105026, 0.024313748, 0.0, 0.0, 0.0066747963, 0.00034168363, 8.940697e-08, 3.5762787e-07, 8.85129e-06, 0.00010663271, 0.00014184053, 0.0004186454, 0.012491465]",0.030247973278164864,0.09520649164915085,0,19,0
07-05-02_1740_1770,-1.3,0,"[0.55915564, 0.6756102, 0.0021978617, 0.008909911, 2.0235777e-05, 0.002493769, 0.007138431, 0.0015055239, 0.9975947, 0.09031826, 0.07684991, 0.97262233, 0.8430412, 0.00013840199, 4.5865774e-05, 0.0, 0.7790183, 5.578577e-07, 0.002663304]",0.2641749680042267,0.37809187173843384,6,13,0
06-12-13_390_420,-4.1,0,"[0.10403767, 0.99986786, 0.2464518, 0.04692194, 0.0077547133, 0.007616371, 0.88012266, 0.035113245, 0.60852194, 0.47531697, 0.124560386, 0.10898122, 0.19650313, 0.8405403, 0.8291358, 0.08132452, 0.054768976, 0.04316339, 0.44260418]",0.32280564308166504,0.3350711166858673,5,14,0
06-05-24_660_690,-3.8,0,"[0.84660494, 5.2452087e-06, 0.0, 0.0006403923, 0.95731044, 0.999962, 0.5815645, 0.93808293, 0.9999991, 0.9895802, 0.6082751, 0.14354616, 0.8340947, 0.021694154, 0.009030253, 0.0012266934, 0.0058162585, 0.615928, 0.004194583]",0.45039764046669006,0.42566224932670593,10,9,1
06-09-27_720_750,-5.6,0,"[0.08257064, 2.9802322e-08, 0.00043922663, 0.79514265, 0.00047931075, 0.004621774, 0.018720686, 0.89706933, 0.5638797, 2.0861626e-07, 1.1920929e-07, 1.937151e-06, 2.9593706e-05, 6.020069e-06, 6.2584877e-07, 8.6426735e-07, 0.00011496922, 0.28241014, 0.0059921388]",0.13955157995224,0.27833232283592224,3,16,0
07-03-28_810_840,-0.4,0,"[0.4812564, 1.257658e-05, 0.0038380027, 0.0, 0.946843, 0.021658212, 0.18409136, 0.024510652, 0.0028882623, 0.06971699, 0.007768333, 0.6934829, 0.9187434, 0.48801744, 0.02836752, 0.11426109, 0.10020801, 0.3014587, 6.0230774e-05]",0.23090435564517975,0.3105980157852173,3,16,0
06-04-05_2070_2100,-3.6,0,"[0.013101846, 0.76368415, 0.40915608, 0.96651953, 0.9309356, 0.5588578, 0.013964623, 0.12639022, 0.0923765, 0.0005451739, 0.13071021, 0.0012615621, 0.05259472, 0.0026134253, 0.98279583, 0.84357774, 0.00023240744, 0.0074003027, 0.0066527426]",0.31070369482040405,0.38057374954223633,6,13,0
06-10-04_1410_1440,1.8,1,"[0.90087867, 0.0047546923, 0.0036922395, 0.25904244, 0.0, 9.357929e-06, 7.7575445e-05, 0.85754156, 0.9333483, 0.06891209, 2.9802322e-08, 0.0003849268, 0.00784862, 0.19886899, 0.9961505, 0.9894973, 0.9501431, 0.44483384, 0.8989269]",0.3955216109752655,0.4253436326980591,7,12,0
08-01-15_2040_2070,-1.6,0,"[0.0, 0.9986359, 0.89613473, 0.0, 0.0, 0.81526923, 2.2053719e-05, 0.008661509, 0.052877873, 0.1962556, 0.09865692, 0.024199247, 0.007916182, 0.004092902, 0.06325239, 0.0009108484, 0.9998122, 0.8423176, 0.09156004]",0.2684513032436371,0.38858941197395325,5,14,0
06-11-08_480_510,1.8,1,"[0.010158271, 0.6191134, 0.9410976, 0.20644102, 0.56130224, 0.999807, 0.9130024, 0.9798043, 0.6427783, 0.8936792, 0.9186952, 0.0004453063, 0.020662725, 0.35056508, 0.99685174, 0.110066354, 0.6097375, 0.13866462, 0.75834835]",0.5616431832313538,0.3683256208896637,12,7,1
07-02-28_1050_1080,2.9,1,"[0.6315725, 0.02334696, 0.7040378, 0.1686241, 0.051008433, 0.010688186, 0.05312991, 0.92819, 0.0031047463, 0.99974114, 0.9891826, 0.9542954, 0.930349, 0.7556608, 0.728747, 0.20284235, 0.95939296, 0.7463051, 0.065508455]",0.5213541388511658,0.39771437644958496,11,8,1
07-02-21_750_780,5.4,1,"[0.014728814, 0.30522364, 0.08073646, 0.8060945, 0.00016790628, 0.009762228, 0.023388982, 0.00010353327, 0.014570534, 0.98933744, 0.9999999, 0.9955677, 0.97365737, 0.41386953, 0.5610013, 0.9602339, 0.95665467, 0.10680453, 0.8727003]",0.4781370759010315,0.42433032393455505,9,10,0
07-05-30_1080_1110,-1.2,0,"[0.00483498, 0.99992824, 0.99521875, 0.99997914, 0.997229, 0.24621129, 0.99870485, 0.994715, 0.3614542, 0.09976226, 0.47900635, 0.00282982, 0.051945597, 0.019653052, 2.9802322e-08, 0.0, 0.025829395, 0.1887185, 0.72956693]",0.43134668469429016,0.4254288673400879,7,12,0
08-01-30_1680_1710,5.7,1,"[0.9994284, 0.99925935, 0.3292807, 0.9974847, 0.9458196, 0.063935846, 0.7774559, 0.8240273, 0.96635973, 0.03701088, 0.47225434, 0.83076, 0.977763, 0.99992603, 0.96340835, 0.123752296, 0.016282264, 0.0094005, 0.00044730137]",0.5965292453765869,0.41484978795051575,11,8,1
06-05-03_270_300,2.5,1,"[0.99820185, 0.9996228, 0.9949227, 0.9915861, 0.8283355, 0.084797114, 0.8500356, 0.9908279, 0.9937232, 0.89641404, 0.67575645, 0.7926523, 0.9996699, 0.45235243, 0.41989964, 0.79108214, 0.033397198, 0.98608774, 0.3067552]",0.7413747906684875,0.3139699399471283,14,5,1
06-09-13_1530_1560,1.8,1,"[0.95908785, 0.19584674, 0.19202065, 0.70731664, 0.9997654, 0.045698464, 0.74119526, 0.9843705, 0.9740006, 0.038656473, 0.99999106, 0.99990505, 0.57171875, 1.0967255e-05, 0.40174764, 0.19439128, 0.9968965, 0.99084187, 0.27289736]",0.5929662585258484,0.3880339562892914,11,8,1
06-10-11_450_480,-2.4,0,"[0.000117093325, 0.045679867, 0.07295686, 0.01895845, 0.0077807903, 0.45749623, 0.14376613, 0.004301518, 0.0013063252, 0.0061925054, 0.13900071, 0.9996551, 0.93452984, 0.9529962, 0.0045555234, 0.876908, 0.030714335, 0.09953441, 0.1708663]",0.26143771409988403,0.3662347197532654,4,15,0
07-10-31_960_990,-0.1,0,"[0.005662501, 0.05992642, 0.7602857, 0.9848634, 0.8353393, 0.79673326, 0.9998732, 0.5751871, 0.74316275, 0.4478309, 0.42122367, 0.15326038, 0.0, 0.7791487, 0.2704356, 0.009664327, 9.7475995e-06, 0.005961843, 0.0009389091]",0.4131319522857666,0.370347797870636,8,11,0
08-01-30_900_930,-1.7,0,"[0.990497, 0.82112527, 0.112268984, 0.99694574, 0.9964643, 0.99993, 0.9992978, 0.318481, 0.9940508, 0.9990314, 0.25603962, 0.005725771, 0.6602417, 0.8907333, 0.99803686, 0.0007044375, 0.0007210723, 0.0041937386, 1.8571432e-06]",0.5812889933586121,0.4360005557537079,11,8,1
06-06-07_2700_2730,-3.9,0,"[0.9764702, 0.9424407, 0.14459813, 0.050945133, 0.9950259, 0.2236206, 0.8445238, 0.9915632, 0.9346893, 0.46577436, 0.99628365, 0.008725047, 0.09921807, 0.9945754, 0.9994769, 0.9988095, 0.98382807, 0.0130857155, 0.67941946]",0.6496354341506958,0.40338969230651855,12,7,1
06-10-04_720_750,1.0,1,"[0.03332317, 0.060920358, 0.0061998367, 0.15075278, 0.014306605, 0.68985945, 0.022602439, 0.09591213, 0.0015627742, 0.8593483, 0.6915092, 0.63079894, 0.00020986795, 0.008961469, 0.8692509, 0.02723071, 0.0012807089, 0.015275709, 0.82369775]",0.26331591606140137,0.343797892332077,6,13,0
07-11-14_240_270,-4.0,0,"[0.0006752908, 0.024176776, 0.0027518868, 0.8943927, 0.055184662, 0.0026191175, 0.93757963, 0.99998736, 0.0146743655, 0.011420846, 0.15269902, 0.24107158, 0.016749442, 0.19168308, 0.0034828484, 0.0006337464, 0.5930768, 0.005263004, 9.962604e-05]",0.21832744777202606,0.34393423795700073,4,15,0
07-05-30_1230_1260,-4.1,0,"[0.00032389164, 0.004505962, 0.008293539, 0.0, 0.0377253, 0.0, 0.16815233, 5.9604645e-08, 0.0018034875, 0.00033181906, 0.00010249019, 8.1181526e-05, 0.0003042817, 0.01027441, 0.0029238164, 0.11395338, 0.0007077836, 0.0005055642, 0.35832757]",0.03727983310818672,0.08732396364212036,0,19,0
06-05-03_1860_1890,5.3,1,"[0.99941754, 0.9666808, 0.823665, 0.029883802, 0.4875852, 0.9879174, 0.99655306, 0.9744593, 0.996494, 0.99606276, 0.907469, 0.9940854, 0.8311261, 0.9583105, 0.9897313, 0.95444167, 0.9859278, 0.9902872, 0.9249924]",0.8839520812034607,0.2325844168663025,17,2,1
07-02-21_1740_1770,7.5,1,"[0.9972996, 0.99700475, 0.9999703, 0.94868934, 0.7815087, 0.99978167, 0.9885269, 0.1246396, 0.99586487, 0.87797004, 0.84131825, 0.99743736, 0.9982426, 0.99890727, 0.9991084, 0.99953985, 0.997809, 0.9997645, 0.9997615]",0.9233234524726868,0.19803953170776367,18,1,1
06-04-12_1830_1860,0.1,1,"[0.00665769, 0.9836199, 0.31075007, 0.06317386, 0.7399047, 0.9988123, 1.0, 0.992391, 0.90674186, 0.17757985, 0.7398804, 0.9052515, 0.08893162, 0.016079158, 0.68164647, 0.73258793, 0.70231473, 0.14220351, 0.043265734]",0.5385152697563171,0.386176198720932,11,8,1
07-06-20_2010_2040,-1.3,0,"[0.06383449, 0.00068834424, 0.00070786476, 0.0005905628, 0.015621603, 5.0246716e-05, 0.0012878776, 0.59110814, 0.8139557, 0.09362969, 0.01698482, 0.0016245842, 0.0, 3.516674e-06, 1.1593103e-05, 8.529425e-05, 3.6656074e-05, 0.18637256, 0.051586956]",0.09674634784460068,0.21580584347248077,2,17,0
06-12-13_2160_2190,3.1,1,"[0.9824513, 0.9997654, 0.9989262, 0.9532981, 0.024286568, 0.99397117, 0.13526958, 0.9972632, 0.84883916, 0.14173177, 0.003454417, 0.83839834, 0.92192674, 0.8048432, 0.02838391, 0.9999996, 0.6125398, 0.67653567, 0.3650315]",0.6487850546836853,0.38275137543678284,13,6,1
07-12-19_390_420,-4.8,0,"[0.00015246868, 0.002930969, 0.2346825, 0.033295274, 0.14344421, 0.22857288, 0.57875156, 0.00038793683, 0.0061377287, 0.00027945638, 0.00027790666, 0.00032383204, 0.0022235513, 0.3326872, 0.70607066, 0.29294512, 0.32957974, 0.86189663, 0.00021379477]",0.19762389361858368,0.258384108543396,3,16,0
06-11-08_1800_1830,6.2,1,"[0.10912883, 0.14049646, 0.9989832, 0.99986476, 0.9999978, 0.0, 0.09298903, 0.99985814, 0.997993, 0.9999966, 0.6682185, 0.38201302, 0.47001842, 0.9396895, 0.11751169, 0.07033962, 0.026846679, 0.24003905, 0.5434737]",0.5156556963920593,0.400684654712677,9,10,0
06-11-08_2130_2160,4.1,1,"[0.99755657, 0.4607557, 0.14928746, 0.063033134, 0.0007799268, 0.00020393729, 0.99844706, 0.2565792, 0.38142416, 0.006427765, 0.015532613, 0.0014206767, 0.0015293062, 0.10189164, 0.008709878, 0.00025349855, 0.00072436925, 0.3673546, 2.6032768e-07]",0.2006269246339798,0.3097377419471741,2,17,0
06-05-10_2190_2220,5.2,1,"[0.99981225, 0.99829483, 0.99589634, 0.9719335, 0.9998747, 0.9952728, 0.9940061, 0.9957963, 0.994671, 0.9993831, 0.9864892, 0.99854064, 0.9737531, 0.99594367, 0.99937356, 0.9999963, 0.99995446, 0.99966836, 0.9998357]",0.9946576952934265,0.008145199157297611,19,0,1
07-09-17_1020_1050,-0.6,0,"[0.84909534, 0.015887111, 0.970853, 0.9957423, 0.9826188, 0.9970474, 0.097746044, 0.45021814, 0.9736839, 0.9912485, 0.45838532, 0.4089159, 0.01141274, 0.93016386, 0.2841475, 0.078077555, 0.54776984, 0.9876193, 0.55813825]",0.6099352836608887,0.3703386187553406,11,8,1
08-01-15_720_750,-2.6,0,"[0.8372692, 0.051222473, 0.0001359582, 0.032606333, 0.13290328, 0.010071337, 0.18806615, 0.26640016, 0.22174406, 5.9336424e-05, 0.0013044178, 0.18810183, 0.43689114, 0.15496492, 0.07167977, 0.9998783, 0.0014126033, 0.00035585766, 2.6835528e-07]",0.1892140954732895,0.27653029561042786,2,17,0
06-06-07_2220_2250,-0.8,0,"[5.8442354e-05, 5.4746866e-05, 3.5762787e-07, 7.748604e-07, 0.0002078116, 0.77306044, 0.014389157, 0.029260784, 0.09108788, 0.9646497, 0.9952192, 0.8738052, 0.989411, 0.6456752, 0.70734036, 0.62404084, 0.99999976, 0.99999964, 0.80913824]",0.5009157657623291,0.4270094633102417,11,8,1
07-01-31_2100_2130,-1.3,0,"[0.9378729, 0.998783, 0.77556384, 0.010072887, 0.9997659, 0.8975589, 0.9984919, 0.99922675, 0.9005956, 0.03035304, 0.005088061, 0.049590975, 0.9244193, 0.8094696, 0.9053465, 0.9859622, 0.99163264, 0.47409573, 0.9973634]",0.720592200756073,0.3792254626750946,14,5,1
07-02-14_2280_2310,-7.5,0,"[0.0020043552, 0.0353238, 0.09385702, 0.10265517, 0.033452988, 0.9416082, 0.27655405, 0.0014205277, 0.41885406, 0.30404124, 0.32580537, 0.012770146, 0.0014015734, 0.032931507, 0.004959762, 0.0001167953, 0.026329845, 0.64146656, 0.07655886]",0.17537431418895721,0.2506621181964874,2,17,0
06-12-20_540_570,-1.6,0,"[0.8606346, 0.8697853, 0.005603522, 0.048061132, 0.10737571, 0.0070391893, 0.028910756, 0.009662539, 0.000116318464, 0.008533835, 0.057451576, 6.6399574e-05, 0.0031588078, 0.9974379, 2.3841858e-07, 0.9871725, 0.9304174, 0.6944182, 0.99390393]",0.347881555557251,0.43049368262290955,7,12,0
06-11-08_510_540,4.6,1,"[0.70224965, 0.33026713, 0.87735647, 0.6601447, 0.10385567, 0.0044880807, 0.797434, 0.92361724, 0.1824337, 0.9999181, 0.9989021, 0.9578477, 0.7019222, 2.9802322e-08, 0.004705608, 0.96124554, 0.98780817, 0.99992836, 0.1713316]",0.5981819033622742,0.3892654478549957,12,7,1
07-01-31_720_750,4.9,1,"[0.97507024, 0.98082995, 0.394046, 0.011458069, 0.9854847, 0.15129733, 0.9976687, 0.99736905, 0.9974921, 0.9468843, 0.91659456, 0.085000485, 0.63887405, 0.9993894, 0.9942374, 0.95555323, 0.99467754, 0.99911004, 0.9962715]",0.7903847098350525,0.34109288454055786,15,4,1
06-11-08_1110_1140,5.8,1,"[0.2412534, 0.35475096, 0.9745161, 0.99822414, 0.9877001, 0.5207677, 0.0740923, 7.405877e-05, 0.046214074, 0.5665275, 0.09980199, 0.008024424, 0.0040016472, 0.07984269, 0.9858423, 0.9987404, 0.97268945, 0.13379137, 0.0022830542]",0.42363885045051575,0.4132922887802124,8,11,0
06-09-27_1920_1950,-5.9,0,"[0.00085383654, 0.00013116002, 4.9591064e-05, 5.9604645e-08, 2.6881695e-05, 0.0023410022, 0.26491892, 0.02787739, 0.009735584, 0.014287591, 0.2616809, 0.046308875, 0.025840819, 0.0012985766, 0.00046411157, 0.004424542, 0.00011296001, 4.583728e-05, 1.691046e-05]",0.034758713096380234,0.0793459415435791,0,19,0
07-12-19_840_870,-3.2,0,"[0.6424084, 0.022244483, 0.9997746, 0.7708168, 0.8119961, 0.93007255, 0.114721686, 6.467104e-06, 0.99929845, 0.0, 0.120976955, 0.06227687, 0.99875957, 0.07003358, 0.9551679, 0.66562414, 0.43783507, 0.02571277, 0.9309267]",0.5030869841575623,0.4084317684173584,10,9,1
06-06-07_2310_2340,-0.3,0,"[0.018193126, 0.0010627508, 0.00021496415, 4.836917e-05, 0.00017100573, 1.847744e-06, 5.1498413e-05, 0.80690753, 0.03258598, 0.006121993, 0.031580746, 0.011256665, 2.8342009e-05, 0.003360957, 0.0050423443, 8.46684e-05, 0.38187337, 0.001976186, 0.081534125]",0.07274191826581955,0.19271396100521088,1,18,0
07-11-14_1830_1860,3.3,1,"[0.9882101, 0.8007231, 0.14784151, 0.20839158, 0.011811405, 0.99243236, 0.006801933, 0.030525476, 0.000500381, 0.104074895, 0.823048, 0.9540132, 0.8561901, 0.9813117, 0.5997783, 0.5049161, 0.012432148, 0.9814129, 0.8907024]",0.5207956433296204,0.4092015326023102,11,8,1
07-11-14_1320_1350,-1.1,0,"[0.00017783046, 0.074748546, 0.16717902, 0.05972296, 0.96794415, 0.91636914, 0.94301015, 0.009280026, 0.015777469, 0.9005285, 0.108578086, 0.97495216, 0.47098, 0.34011558, 0.0015366673, 0.024472386, 0.96301645, 0.97823095, 0.5169098]",0.4438699781894684,0.4118552803993225,8,11,0
08-02-06_840_870,-1.6,0,"[0.3134432, 0.30019423, 9.0926886e-05, 0.1634703, 0.03986314, 0.044793874, 0.47968668, 0.15703997, 0.00052297115, 0.56179357, 0.007488817, 0.23568767, 0.050207734, 0.1099962, 0.0012348592, 0.09414691, 0.4024201, 0.5251155, 0.38261193]",0.20367412269115448,0.18694841861724854,2,17,0
06-10-04_1140_1170,-2.0,0,"[0.9136262, 0.07396385, 1.4215708e-05, 0.6252073, 1.4901161e-07, 0.00035378337, 8.493662e-06, 0.012496263, 0.0012396574, 0.010329366, 0.9274871, 0.7060541, 0.030614048, 0.020740718, 0.0010715425, 0.30286172, 0.25379536, 0.6550794, 0.05867756]",0.24176953732967377,0.330036461353302,5,14,0
06-05-03_930_960,1.9,1,"[0.99764013, 0.95694005, 0.0019189417, 0.9798229, 0.9935715, 0.9571078, 0.020121962, 0.39559558, 0.5439129, 0.015970677, 0.2108956, 0.08033025, 0.026315272, 0.024461538, 0.27569443, 0.53029066, 0.4744841, 0.14780843, 0.99780077]",0.45424652099609375,0.3946271240711212,8,11,0
06-09-06_1470_1500,4.6,1,"[0.9947039, 0.99695265, 0.9889728, 0.78888595, 0.88163996, 0.95596063, 0.62847626, 0.9648429, 0.1631198, 0.98458755, 0.0695205, 0.7700932, 0.03692919, 0.51197714, 0.9338553, 0.98828185, 0.1982964, 0.0069979345, 0.0002621501]",0.6244397759437561,0.39321717619895935,13,6,1
06-09-27_150_180,-6.5,0,"[0.048814744, 0.0016597509, 0.13239154, 0.0056023, 0.8920516, 0.06173408, 0.022274613, 0.16448787, 0.520967, 0.040438473, 0.00040778518, 0.500681, 0.7900492, 0.0019856095, 0.11956617, 0.56764305, 0.02701383, 0.5501499, 0.0074645206]",0.23449383676052094,0.28929808735847473,6,13,0
07-02-28_1950_1980,-1.9,0,"[0.028103024, 0.00027054548, 0.01201427, 0.33740425, 0.95987743, 0.14553073, 0.060070664, 0.9617665, 0.9986777, 0.32635206, 0.9247556, 0.12028593, 0.059549034, 0.022996008, 0.9847027, 0.036359787, 0.9491586, 0.022300638, 0.9419084]",0.4153728187084198,0.42580556869506836,7,12,0
06-10-11_1200_1230,-3.7,0,"[0.38868266, 0.047431797, 0.00036254525, 0.35931444, 0.6989933, 0.75213075, 0.35462397, 0.09889501, 0.03344938, 0.07636765, 0.04795614, 0.21448746, 0.004653007, 0.0018404126, 0.06037411, 0.0020037293, 2.378572e-05, 0.22930059, 0.9351351]",0.22663292288780212,0.27931874990463257,3,16,0
08-01-30_1470_1500,-0.5,0,"[0.43281993, 0.749984, 0.030811876, 0.12005231, 0.4984308, 0.65888155, 0.47881475, 0.103283316, 0.2672596, 0.04939422, 0.03627032, 0.3984022, 0.9343771, 0.73035204, 0.11767185, 0.6352148, 0.9904456, 0.99230677, 0.024084512]",0.4341503977775574,0.33485090732574463,7,12,0
06-05-31_1440_1470,-5.4,0,"[0.10859233, 0.09988496, 0.16657996, 0.30453265, 0.00495556, 0.012284368, 0.73043936, 0.47924107, 0.41518807, 0.012379497, 0.0070753098, 0.02216667, 0.017742008, 0.2685139, 0.009434044, 0.020059466, 0.01449033, 0.2538926, 0.7006363]",0.19200466573238373,0.2301877737045288,2,17,0
06-11-15_2070_2100,-0.9,0,"[0.4911833, 0.86329144, 0.7071699, 0.0046735704, 0.0020816624, 0.97108436, 0.95591867, 0.7052414, 0.14108774, 0.13646677, 0.0041224957, 0.0011714697, 0.003395766, 0.00010326505, 0.009700656, 8.773804e-05, 0.5340705, 0.15433696, 0.088404045]",0.3038732707500458,0.358496755361557,6,13,0
06-05-17_1590_1620,-2.3,0,"[0.34796837, 0.068863094, 0.19618577, 2.3841858e-07, 0.16724598, 0.46491745, 0.0017966032, 0.74386257, 0.022953153, 0.008033276, 0.008450925, 0.0070932806, 8.910894e-06, 0.002668351, 0.024594158, 0.98500156, 0.5529557, 0.97464955, 0.86622816]",0.2864987850189209,0.35391223430633545,5,14,0
07-03-28_150_180,-5.8,0,"[0.9994941, 0.95158064, 0.08647016, 0.037008345, 0.11248237, 0.2391409, 0.26081902, 0.052252054, 0.00079268217, 0.00021225214, 0.12596473, 0.00085139275, 0.01657024, 0.96862775, 0.0023681223, 0.06013608, 0.00527752, 0.03548608, 0.03783404]",0.21017730236053467,0.3383665084838867,3,16,0
06-11-08_2010_2040,4.6,1,"[1.7732382e-05, 0.49021, 0.034509122, 0.049245805, 0.11167273, 0.0046841204, 0.17203504, 0.04200986, 0.008812487, 0.056185305, 0.9994383, 0.1435382, 0.0005790591, 0.73844135, 0.6735959, 0.022080034, 0.23026393, 0.91705734, 0.66152096]",0.2818893492221832,0.3349674344062805,5,14,0
06-09-06_1440_1470,3.5,1,"[0.7790362, 0.06603208, 0.78313386, 0.5027794, 0.88993907, 0.8164861, 0.97997916, 0.99956334, 0.908115, 0.9239018, 0.9856203, 0.9068289, 0.09465647, 0.3035205, 0.95579195, 0.2027838, 0.025260301, 0.29532444, 0.80676275]",0.6434481739997864,0.34758588671684265,13,6,1
06-09-27_240_270,-3.8,0,"[0.5384042, 0.0046596527, 0.49159867, 0.90738374, 0.225595, 0.00039172173, 0.013777167, 0.12471664, 0.9990449, 0.025317669, 0.011332154, 0.9327966, 0.95330316, 0.373401, 2.0861626e-07, 0.10076329, 0.00076014135, 2.643676e-10, 0.05054257]",0.3028309643268585,0.37056291103363037,5,14,0
06-05-24_600_630,-3.3,0,"[0.37907413, 0.0021114647, 0.98721164, 0.038126588, 0.00060901046, 0.0038967133, 0.06100163, 0.07519814, 0.03867078, 0.0091404915, 0.052056342, 0.03015533, 0.0144521, 0.00061634183, 0.00014618039, 0.78407913, 0.19842778, 0.006221216, 0.098483905]",0.1462988704442978,0.2706491947174072,2,17,0
07-06-20_1680_1710,1.8,1,"[0.023538023, 0.8258059, 0.15296215, 0.64523304, 0.0002757907, 4.7683716e-07, 0.74673265, 0.04151115, 0.023094356, 0.00069749355, 0.4574021, 0.48140126, 0.1872457, 0.21983182, 0.014550358, 0.050017208, 0.023090651, 0.034297522, 0.0037331511]",0.20691688358783722,0.271197110414505,3,16,0
08-01-15_930_960,-2.6,0,"[0.0003208816, 0.00022506714, 6.648898e-05, 0.9929409, 0.01329264, 0.000382334, 0.00026968122, 0.9983065, 0.51911986, 0.22268566, 0.22970954, 0.009066045, 0.9607599, 0.99769545, 0.0036750436, 0.45850304, 0.2801607, 0.095390506, 0.3189084]",0.3211304545402527,0.37789326906204224,5,14,0
06-05-10_2370_2400,8.3,1,"[0.94463813, 0.92452765, 0.9949107, 0.99999905, 0.9996903, 0.99560463, 0.9999999, 0.99335873, 0.9998286, 0.3081659, 0.65021694, 0.99921334, 0.99686444, 0.20596617, 0.99865866, 0.99697936, 0.9992955, 0.9998248, 0.94711083]",0.8923606872558594,0.2320394665002823,17,2,1
06-11-08_960_990,4.6,1,"[0.9998669, 0.9090464, 0.7882504, 0.80187565, 0.9816284, 0.95449716, 0.9845281, 0.9002652, 0.99963117, 0.98967886, 0.989444, 0.41884345, 0.86278, 0.9932302, 0.9995465, 0.99857706, 0.94029325, 0.9998135, 0.015337165]",0.8698491454124451,0.24203921854496002,17,2,1
07-01-31_2280_2310,-4.1,0,"[0.6531407, 0.0048048496, 0.04566911, 0.0023118556, 0.3874243, 0.00041002035, 4.172325e-07, 0.09344068, 0.057760537, 0.010584265, 0.07097691, 0.20786113, 2.336502e-05, 0.0, 0.0, 0.0, 8.8529347e-13, 2.5856772e-07, 8.976405e-06]",0.08075881004333496,0.16468636691570282,1,18,0
06-05-31_150_180,-5.6,0,"[0.034065157, 0.0010344386, 0.31090963, 0.003861159, 0.72016084, 0.6092057, 0.0025743544, 0.18357167, 0.009321988, 0.011445165, 0.00025373697, 0.00062042475, 0.9256588, 0.5722864, 0.36914566, 0.00016760826, 0.012339651, 2.6789047e-09, 4.292496e-09]",0.19824327528476715,0.28979095816612244,4,15,0
06-09-13_1650_1680,0.4,1,"[0.00021082163, 0.07353628, 0.000967443, 6.54757e-05, 0.0045644045, 6.3180923e-06, 0.9712962, 0.90191025, 0.016225338, 0.61492544, 0.6862321, 0.052141994, 0.99276304, 0.5254758, 0.0035916567, 0.0022352338, 0.12704079, 0.99999976, 0.887563]",0.3610921800136566,0.4105568826198578,8,11,0
06-12-13_2250_2280,-6.3,0,"[0.009058088, 0.5060062, 0.9725094, 0.8793752, 0.8939256, 0.9979341, 0.99453384, 0.8777186, 0.091038436, 0.79984283, 0.06937763, 0.88985413, 0.2837422, 0.96519935, 0.967368, 0.9453286, 0.03494919, 0.08370469, 0.00031945872]",0.5927255749702454,0.4071078598499298,12,7,1
07-05-16_570_600,-4.5,0,"[0.008531839, 0.008568525, 0.021169186, 0.010019511, 3.799796e-05, 0.00018560886, 0.13623857, 0.0008087754, 0.016773611, 0.26141644, 0.020291388, 2.0056963e-05, 0.00080165267, 0.00088992715, 0.00012525916, 4.887581e-06, 5.7407464e-11, 0.05322391, 0.007054637]",0.02874535694718361,0.06302564591169357,0,19,0
07-01-31_1350_1380,1.5,1,"[0.06911695, 0.25594822, 0.98999214, 0.97765994, 0.98431134, 0.1438975, 0.9753634, 0.9867284, 0.05314207, 0.9120529, 0.9690397, 0.675231, 0.9999569, 0.07631174, 0.54161096, 0.49303326, 0.9941368, 0.503899, 0.98575914]",0.6624836921691895,0.36761435866355896,13,6,1
06-09-27_540_570,-2.0,0,"[0.046194643, 0.00010049343, 4.8667192e-05, 0.00037783384, 0.02704227, 0.69241107, 0.035747528, 0.15678838, 0.99796844, 0.99962807, 0.022731602, 4.7683716e-07, 0.0, 0.003093034, 5.2452087e-06, 0.5142601, 0.9994246, 0.002086547, 0.0570777]",0.2397361546754837,0.37546199560165405,5,14,0
06-10-11_900_930,-5.2,0,"[0.0028892756, 0.06082803, 0.2073791, 0.05391258, 0.0127590895, 0.05672568, 0.05776429, 0.0013599694, 0.05166492, 0.014550269, 0.00027358532, 0.00012817979, 0.17419192, 0.1467452, 0.43321794, 0.024572432, 0.025142936, 0.022850428, 0.99503607]",0.12326271831989288,0.22963938117027283,1,18,0
06-10-04_1320_1350,-2.7,0,"[0.016692042, 0.09159851, 0.31110808, 0.19177368, 0.60295075, 0.2049396, 0.41278845, 0.17843205, 0.007465005, 0.0024981797, 0.31007865, 0.981041, 0.0086533725, 0.846237, 0.9354842, 0.7881181, 0.13702428, 0.0009575567, 0.18176551]",0.32682138681411743,0.3279525637626648,5,14,0
07-09-17_750_780,3.4,1,"[0.87841773, 0.20844606, 0.2987071, 0.4196192, 0.28350702, 0.51986814, 0.9770422, 0.05338645, 0.38415772, 0.0031353235, 0.09660366, 0.8670735, 0.85071254, 0.49649584, 0.1791265, 0.45555192, 0.7967794, 0.6881604, 0.98802954]",0.49709582328796387,0.31595203280448914,8,11,0
07-01-31_1800_1830,0.0,1,"[0.9983095, 0.99838114, 0.74686325, 0.012767941, 0.23638964, 0.28584874, 0.61164314, 0.24875137, 0.02456683, 0.4613894, 3.144145e-05, 4.1127205e-06, 0.06463069, 0.065918386, 0.97231114, 0.0098359585, 0.020054273, 7.796417e-13, 0.9886395]",0.3550703525543213,0.3889802396297455,6,13,0
07-01-17_930_960,-4.8,0,"[0.11571753, 0.43330452, 0.0019527078, 0.083361685, 0.0037368238, 0.69543946, 0.011332363, 0.03817475, 0.33367854, 0.97794795, 0.9805481, 0.21982858, 0.0038539171, 0.37464017, 0.019403934, 0.00054755807, 6.321709e-06, 0.11265669, 0.2925187]",0.24729736149311066,0.31186169385910034,3,16,0
06-12-20_990_1020,3.9,1,"[0.9996442, 0.99715984, 0.95391524, 0.038674414, 0.99474096, 0.98181176, 0.9027584, 0.124405324, 0.99509996, 0.27338034, 0.59704006, 0.00048422813, 0.007525325, 0.9726191, 0.9941336, 0.9193342, 0.3180956, 0.9514886, 0.16928849]",0.6416630744934082,0.4040708839893341,12,7,1
07-05-16_990_1020,-2.3,0,"[0.21342695, 0.039907128, 0.034065783, 0.9912754, 0.07660368, 2.3841858e-07, 0.9940794, 0.30848497, 0.14670262, 0.021796137, 0.20042866, 0.38215855, 0.121507466, 2.9236078e-05, 0.30673254, 0.034405887, 0.11875185, 0.009581054, 0.048743885]",0.2130885124206543,0.2894863486289978,2,17,0
06-05-10_1440_1470,6.4,1,"[0.29692417, 0.99787074, 0.99992424, 0.9993433, 0.46961796, 0.98193455, 0.99743867, 0.9999864, 0.9700973, 0.9993237, 0.99981004, 0.9987004, 0.92645085, 0.99876726, 0.99882674, 0.9999975, 0.9999504, 0.99937373, 0.943506]",0.9251497387886047,0.18904335796833038,17,2,1
08-01-15_840_870,-1.3,0,"[0.632372, 0.04065761, 0.41655982, 0.14558467, 0.54502153, 0.9649737, 0.90292597, 0.99816585, 0.93242836, 0.82209265, 0.2468839, 0.98503506, 0.9712384, 0.9945208, 0.9999925, 0.994285, 0.98333514, 6.243535e-08, 0.32207075]",0.6788496971130371,0.35897091031074524,13,6,1
08-01-30_1650_1680,4.5,1,"[0.66165614, 0.7463128, 0.9994966, 0.5317348, 0.9549158, 0.64854, 0.36545244, 0.52311426, 0.039461136, 0.0025089085, 0.0007186532, 0.0003091991, 0.50633013, 0.9879906, 0.9999181, 0.27648804, 0.94703287, 0.6179384, 0.9998041]",0.5689327716827393,0.3594471514225006,13,6,1
07-02-21_180_210,-3.0,0,"[0.9984933, 0.99994624, 0.7244279, 0.99759823, 0.9893273, 0.9999368, 0.9999045, 0.9708398, 0.99979, 0.9925863, 0.98704445, 0.99982476, 0.9997809, 0.99752235, 0.9660891, 0.95051897, 0.97064924, 0.98233736, 0.9989219]",0.9750285148620605,0.06072640046477318,19,0,1
07-05-02_960_990,-3.2,0,"[0.00028124452, 0.00011739135, 0.023376554, 0.0005913675, 2.9206276e-05, 0.035782218, 0.01636073, 7.4505806e-07, 0.0, 0.0048435032, 0.017674088, 0.021205187, 0.37857872, 2.9802322e-07, 0.00975734, 0.0029093325, 4.334102e-05, 0.09217834, 0.9438499]",0.08145155757665634,0.22000032663345337,1,18,0
06-12-13_840_870,-2.2,0,"[0.60674566, 0.9895279, 0.45973456, 0.99052024, 0.836257, 0.6664822, 0.9937564, 0.8976457, 0.9975194, 0.82837063, 0.9906507, 0.98091304, 0.974728, 0.96925783, 0.93951905, 0.9999022, 0.9981262, 0.9178846, 0.9966934]",0.8965385556221008,0.1511063426733017,18,1,1
07-01-31_840_870,6.7,1,"[0.99906826, 0.98612094, 0.95367116, 0.99111605, 0.8979558, 0.82838684, 0.9992976, 0.9953803, 0.8732258, 0.057181746, 0.26809996, 0.96967554, 0.8174758, 0.9682165, 0.01186505, 0.71736634, 0.99998856, 0.99980193, 0.8351657]",0.7983716130256653,0.31028351187705994,16,3,1
08-01-30_1080_1110,4.6,1,"[0.14539853, 0.97579384, 0.99688435, 0.98464787, 0.89781404, 0.23339626, 0.8925239, 0.07228732, 0.89978594, 0.7902024, 0.3074852, 0.9285065, 0.9244703, 0.4093377, 0.6266445, 0.2542649, 0.9838479, 0.00096780615, 0.0030020329]",0.5961716175079346,0.37586459517478943,11,8,1
06-05-24_1620_1650,2.4,1,"[0.38534743, 0.034752756, 6.952882e-05, 0.019367188, 0.0075706244, 0.99850786, 0.03178805, 0.00020080805, 0.0005763173, 0.00012627244, 0.013686329, 0.8153938, 0.7049244, 0.32827854, 0.6890661, 0.96012753, 0.9957491, 0.99998283, 0.711254]",0.40509310364723206,0.4100072979927063,8,11,0
06-05-03_1740_1770,-0.7,0,"[0.48294517, 0.89946127, 0.99585515, 0.18431023, 0.012555122, 0.6458868, 0.5018279, 0.09489542, 0.02713406, 0.31227997, 0.9992857, 0.14932367, 0.98802304, 0.8786299, 0.5961704, 0.9328519, 0.6940868, 0.67261124, 0.6259648]",0.5628473162651062,0.3360697031021118,12,7,1
06-05-10_540_570,3.8,1,"[0.9978306, 0.9939729, 0.74700177, 0.019037187, 0.00029975176, 4.3421984e-05, 0.2518794, 0.002464801, 0.019779205, 0.49293965, 0.0039366484, 0.20702195, 0.14268506, 0.0074589252, 0.014543533, 0.771665, 0.9940725, 0.21603201, 0.1264145]",0.3162672817707062,0.37403732538223267,5,14,0
07-06-20_1500_1530,-2.8,0,"[4.1127205e-06, 0.28404444, 0.02926147, 0.0012126267, 2.9206276e-05, 1.41859055e-05, 0.00022032857, 0.07559866, 0.008325517, 0.0023321807, 1.7881393e-07, 8.0645084e-05, 0.0008262098, 0.028887957, 0.00075623393, 0.0060801804, 0.0011979031, 0.00281773, 0.29322833]",0.038679901510477066,0.08758975565433502,0,19,0
06-11-08_1350_1380,4.5,1,"[0.9845732, 0.998351, 0.9999908, 0.9999188, 0.9925115, 0.8645364, 0.22479957, 0.015578687, 0.75874275, 0.9928952, 0.50396246, 0.9901265, 0.9911665, 0.9995285, 0.17845252, 0.7954223, 0.95656955, 0.62842023, 0.81012833]",0.7729302048683167,0.30833175778388977,16,3,1
06-09-06_1950_1980,1.4,1,"[0.32237393, 0.9900178, 0.9639617, 0.9311639, 0.670371, 0.053469926, 1.1026859e-06, 0.2811976, 0.076541156, 0.44261086, 0.11696911, 0.00015550852, 0.041723818, 0.75123405, 0.7700433, 0.0001424849, 0.7567527, 0.9623706, 0.16409771]",0.43658939003944397,0.37629398703575134,8,11,0
06-12-20_1110_1140,-1.7,0,"[0.36610582, 0.021823078, 0.05273497, 0.89881265, 0.27769524, 0.021931022, 0.031716138, 0.124406785, 0.23576182, 0.0123294, 0.6048549, 0.10611981, 0.003978312, 0.103366286, 0.012842268, 0.05651495, 0.0007043375, 0.68749547, 0.9942346]",0.24281200766563416,0.31010156869888306,4,15,0
07-01-17_1050_1080,-3.7,0,"[0.100237906, 0.081086844, 0.039645523, 0.8464869, 0.4438469, 0.55749255, 0.6832584, 0.2906387, 0.0004094541, 8.136034e-06, 0.85429937, 0.0, 1.5974045e-05, 1.758337e-06, 2.9802322e-08, 0.17720789, 7.9711695e-05, 1.919296e-15, 9.818268e-11]",0.21445871889591217,0.2974644899368286,4,15,0
06-04-12_750_780,7.2,1,"[0.20540935, 0.16542035, 0.90403676, 0.70896465, 0.9999541, 0.99932367, 0.99865365, 0.88060486, 0.9996973, 0.41327256, 0.8286153, 0.9983251, 0.9974248, 0.98279583, 0.994285, 0.9994607, 0.9993618, 0.99987626, 0.99998593]",0.8460772633552551,0.26753002405166626,16,3,1
06-10-18_2340_2370,-2.2,0,"[0.5025352, 0.9329291, 0.8832736, 0.75973076, 0.93889415, 0.8920754, 0.64768857, 0.9999826, 0.07491267, 0.31691372, 0.92582655, 0.003774941, 0.41259754, 0.99944186, 0.9945533, 0.99160236, 0.00311938, 0.98828363, 0.6501816]",0.6799114346504211,0.34776994585990906,14,5,1
07-01-17_1800_1830,-1.2,0,"[0.58498216, 0.73965657, 0.692477, 0.07049671, 0.005189538, 0.5198679, 0.664077, 0.00020352006, 0.00091546774, 0.09086263, 0.20235723, 0.45880854, 0.019312114, 0.003285259, 1.3947487e-05, 0.0001026988, 0.0038248636, 0.96585757, 0.110127196]",0.27012723684310913,0.31654298305511475,6,13,0
07-05-23_1500_1530,-5.1,0,"[2.604723e-05, 0.0036410093, 0.006154269, 0.00029981136, 0.029532641, 0.09836805, 0.99972427, 0.15600067, 0.00667274, 0.008573651, 0.7101957, 0.7091431, 0.005698353, 0.007981777, 0.007934064, 0.016484767, 0.998123, 0.6456362, 0.0006355582]",0.23214872181415558,0.35772114992141724,5,14,0
06-10-11_1590_1620,-4.5,0,"[0.052744716, 2.965331e-05, 0.9878835, 0.40442404, 0.9935553, 0.03618312, 0.012239486, 0.00022569299, 0.0012768209, 0.00053945184, 0.003015995, 0.00069624186, 0.31611416, 0.0032306314, 0.16195968, 0.8794123, 0.17491826, 0.0009931268, 0.00021728115]",0.21208734810352325,0.3407708406448364,3,16,0
07-02-28_480_510,-3.8,0,"[0.9999939, 0.5422221, 0.93868697, 0.629344, 0.9224479, 0.17524114, 0.078870654, 0.71667826, 0.66292584, 0.23780707, 0.00048851967, 0.0005186796, 0.011365414, 0.008372724, 2.0861626e-07, 2.2470951e-05, 0.22461754, 5.8139067e-06, 0.039140012]",0.3257236182689667,0.36310452222824097,7,12,0
07-03-28_570_600,-4.1,0,"[0.29416746, 0.0053547323, 0.026008189, 0.58734536, 0.18946445, 0.9934536, 0.022973329, 0.9960539, 0.9908443, 0.025875002, 0.37683967, 0.73538464, 0.14462346, 0.06636149, 0.15939087, 0.08783856, 0.051658075, 0.25123975, 0.160393]",0.3244878947734833,0.3450670838356018,5,14,0
06-11-22_780_810,-4.8,0,"[0.0058012307, 0.3675552, 0.9845617, 0.0046345294, 0.15350425, 0.0011930168, 0.7206275, 0.49410424, 0.96833503, 2.0325184e-05, 0.0, 8.940697e-08, 0.00015336275, 0.00027030706, 6.2584877e-07, 0.0, 3.0950446e-08, 8.5221794e-14, 0.0028610455]",0.19492749869823456,0.33302953839302063,3,16,0
06-05-10_990_1020,5.7,1,"[0.9877219, 0.9999621, 0.9981978, 0.99946415, 0.9999519, 0.997674, 0.41245458, 0.99990714, 0.9896797, 0.9959481, 0.99465275, 0.9589242, 0.6971228, 0.8437041, 0.99518955, 0.99963284, 0.9942427, 0.9984831, 0.9999323]",0.9401497840881348,0.144253209233284,18,1,1
06-09-13_1140_1170,0.4,1,"[0.99883986, 0.9992724, 0.8808577, 0.9740869, 0.1039356, 0.00014606118, 0.01479286, 0.663641, 0.012693018, 0.30197597, 0.62732756, 0.14104828, 0.036702007, 0.81507576, 0.12345564, 0.91541433, 0.17269304, 0.8080741, 0.03846698]",0.4541315734386444,0.3948311507701874,9,10,0
07-02-28_780_810,1.4,1,"[0.052279204, 0.98614675, 0.0, 0.0053568482, 0.007270545, 6.189942e-05, 0.5808535, 0.007335156, 0.000112980604, 0.7224978, 0.005346358, 2.0563602e-06, 0.018473357, 0.9736136, 0.19789246, 0.010163665, 0.67767644, 0.21344204, 0.8597901]",0.2799112796783447,0.36833131313323975,6,13,0
06-12-20_1830_1860,1.1,1,"[0.6721657, 0.15866256, 0.48967007, 0.8735684, 0.27100307, 0.75472593, 0.3340776, 0.6291871, 0.13179529, 0.99810946, 0.5365822, 0.0014469028, 0.99998796, 0.9452268, 0.13316455, 0.71350855, 0.20831172, 0.08707797, 0.9152099]",0.5186043381690979,0.3348775804042816,10,9,1
06-12-06_480_510,-5.8,0,"[0.031926215, 0.9412159, 0.28561112, 0.07227957, 0.9901987, 0.5268507, 0.0039196014, 0.004854113, 0.0084349215, 0.018725842, 0.060263753, 0.8724407, 0.14802116, 0.0018433034, 0.036192358, 6.788969e-05, 0.01858941, 0.10948813, 0.0008716824]",0.21746289730072021,0.3351402282714844,4,15,0
06-05-10_2130_2160,7.1,1,"[0.99616504, 0.74367243, 0.9968828, 0.99967694, 0.9998726, 0.9999901, 0.99983144, 0.9910208, 0.98729694, 0.9809897, 0.46172932, 0.99057126, 0.99971825, 0.9989747, 0.9998776, 0.99994266, 0.99485576, 0.99956006, 0.9983028]",0.9546805024147034,0.12920068204402924,18,1,1
06-05-17_2280_2310,4.1,1,"[0.3269226, 0.002527237, 0.00015339255, 0.0020844638, 0.8014943, 0.9794433, 0.9991518, 0.9723823, 0.99256146, 0.97385156, 0.9991931, 0.9948063, 0.16092771, 0.67638445, 0.44487923, 0.009327143, 0.018040437, 0.9656622, 0.25834328]",0.5567440390586853,0.42088061571121216,10,9,1
08-01-23_840_870,1.7,1,"[0.9066397, 0.99618286, 0.9699202, 0.99716306, 0.9999612, 0.8816887, 0.1921125, 0.92218333, 0.4585442, 0.073354125, 0.17298722, 0.99526596, 0.999744, 0.7736317, 0.8997567, 0.0029912293, 0.00038041276, 0.07309098, 8.091384e-05]",0.5955620408058167,0.418262243270874,11,8,1
06-04-05_2310_2340,-0.7,0,"[0.9996017, 0.99586177, 0.2144925, 0.998385, 0.9999771, 0.9805367, 0.96081114, 0.99323213, 0.64490485, 0.4533244, 0.08921617, 0.995027, 0.75685835, 0.0034570992, 0.019471228, 0.7366724, 0.949729, 0.99997807, 0.98782396]",0.7252294421195984,0.36452510952949524,14,5,1
06-12-20_1020_1050,2.5,1,"[0.9943378, 0.17065668, 0.99210584, 0.971121, 0.12018174, 0.024682254, 0.9893915, 0.12229887, 0.9681218, 0.15589064, 0.0060922503, 0.0015955567, 0.02544108, 0.7418546, 0.23690918, 0.17765221, 0.07723359, 0.12924428, 0.0011227685]",0.363470196723938,0.40176841616630554,6,13,0
07-03-28_870_900,0.7,1,"[0.780674, 0.0958806, 0.035868168, 0.0009229481, 0.0011443496, 0.34780598, 0.052882314, 0.9526987, 0.19751817, 0.40709263, 0.04276201, 0.0006700158, 0.0001911223, 0.7320591, 0.016930252, 0.0064789355, 0.00857305, 0.54586536, 0.76739174]",0.2628110349178314,0.32189813256263733,5,14,0
07-05-02_1350_1380,1.3,1,"[0.15231082, 0.96439725, 0.2689548, 0.99967253, 0.9271374, 0.96098864, 0.035396367, 0.9974574, 0.9887167, 0.6179062, 0.963601, 0.99457186, 0.9473637, 0.018078595, 0.21553254, 0.96237683, 0.22859111, 6.723013e-05, 0.006054419]",0.5920618176460266,0.41951096057891846,11,8,1
06-05-24_780_810,-2.8,0,"[0.93560195, 0.0015881956, 0.035355926, 0.05005634, 0.0028437674, 8.815527e-05, 0.00038275123, 0.0064019263, 0.0014500618, 0.0010657609, 0.0065294504, 0.016790718, 0.002149582, 0.0016647577, 0.12551677, 0.012699962, 0.03338054, 0.0041004573, 0.00048441824]",0.06516586989164352,0.20721912384033203,1,18,0
07-05-02_1440_1470,-4.6,0,"[0.01145944, 0.27502882, 2.4914742e-05, 0.00045719743, 0.9999084, 0.009515703, 0.9277733, 0.42971775, 0.035476685, 0.8231089, 0.0032188594, 0.01123625, 0.0051915348, 0.28006536, 0.7429815, 0.35535192, 5.032576e-06, 0.77276284, 0.8890302]",0.34591132402420044,0.37492895126342773,6,13,0
06-04-12_210_240,-2.5,0,"[0.74685585, 0.96209884, 0.5814232, 0.010658264, 0.9253783, 0.6537805, 0.0030534863, 0.014297366, 0.040591747, 0.8950517, 0.9266747, 0.003970742, 0.053522408, 0.5151611, 0.24862501, 0.31701377, 0.57871026, 0.02498168, 0.9094371]",0.44269922375679016,0.37251436710357666,10,9,1
07-10-31_2250_2280,2.7,1,"[0.99871695, 0.99088746, 0.4659425, 0.997282, 0.99696624, 0.1671812, 0.6975285, 0.997818, 0.9316014, 0.9815429, 0.97736883, 0.98821145, 0.57152003, 0.93079805, 0.8852508, 0.99936414, 0.999668, 0.99427223, 0.9685638]",0.8705517649650574,0.2248113751411438,17,2,1
07-02-28_750_780,0.2,1,"[0.9259187, 0.99815977, 0.99984235, 0.99766934, 0.8421783, 0.9947604, 0.7754848, 0.9097848, 0.89828444, 0.9895779, 0.99988306, 0.8913003, 0.89021116, 0.9724828, 0.24375218, 0.050491393, 0.17698735, 0.0010947301, 0.02758686]",0.7150237560272217,0.37523797154426575,14,5,1
07-06-20_690_720,-5.1,0,"[0.0037218332, 0.041178852, 0.49515858, 1.40070915e-05, 3.1143427e-05, 0.0001116097, 0.00046041608, 0.0019116104, 0.024375081, 0.004790753, 0.0021006465, 0.0109016895, 0.2867957, 0.0057063103, 0.00065997243, 0.006333381, 4.5291545e-06, 3.1625717e-05, 0.04903899]",0.049122463911771774,0.12280026078224182,0,19,0
07-01-17_2040_2070,-4.6,0,"[3.1411648e-05, 0.018967897, 0.90555596, 0.7189958, 0.13052645, 0.12557855, 0.004394889, 0.002000004, 0.0033605397, 0.00013390183, 2.9802322e-08, 7.6293945e-06, 4.5776367e-05, 0.0039211214, 6.854534e-06, 0.112276316, 0.03026886, 0.006413753, 0.0006142682]",0.1085842028260231,0.2470613569021225,2,17,0
07-05-30_1920_1950,-1.6,0,"[0.03838274, 0.014422387, 0.9925644, 0.98294634, 0.9393089, 0.012750536, 0.89748466, 0.025729269, 0.0026782453, 0.16626978, 0.012963504, 0.070810795, 0.003299743, 0.34295228, 0.9948958, 0.4735522, 0.9958197, 0.2456427, 0.33035532]",0.3969910144805908,0.40864869952201843,6,13,0
07-05-16_1800_1830,-1.6,0,"[5.9187412e-05, 4.3213367e-06, 0.0041647255, 4.3094158e-05, 2.0384789e-05, 0.0002334714, 6.702542e-05, 0.00241068, 6.2584877e-07, 0.38994178, 7.772446e-05, 6.854534e-07, 0.0, 0.0, 4.7266483e-05, 0.0, 1.1431196e-06, 0.0007184178, 1.8164756e-07]",0.020936353132128716,0.08698157221078873,0,19,0
06-09-06_330_360,-3.4,0,"[0.65753937, 0.46695715, 0.035815, 0.67849267, 0.0030853748, 0.024325699, 0.006701827, 0.0009935796, 0.7879551, 0.91363513, 0.0048846006, 0.8929087, 0.9953686, 0.77605987, 0.45055154, 0.020293176, 0.07779049, 0.9448181, 0.62523276]",0.4401794373989105,0.38184356689453125,9,10,0
06-04-05_1320_1350,-4.2,0,"[0.58399355, 0.78701276, 0.7627643, 0.98323715, 0.99995935, 0.9989877, 0.9971254, 0.6370817, 0.77837855, 0.2787053, 9.179115e-06, 0.0011017025, 0.7511672, 0.06377536, 0.0005939901, 0.0, 0.00019220899, 0.8973881, 0.028591732]",0.5026350617408752,0.40812963247299194,11,8,1
07-05-23_840_870,-5.4,0,"[0.028165728, 0.00093504786, 0.02673018, 0.00051647425, 0.02163577, 0.007964909, 0.019338876, 0.0024031997, 0.02071622, 0.36147296, 0.3099296, 0.0018845797, 0.068587214, 0.06969178, 0.015603483, 0.054279417, 0.038091287, 0.0025977434, 0.9793627]",0.10683722048997879,0.22781135141849518,1,18,0
06-11-08_360_390,-6.2,0,"[0.20363525, 0.011593968, 3.2186508e-06, 0.01894641, 0.000882715, 6.4373016e-06, 4.3272972e-05, 0.022891194, 0.035546362, 0.0011000931, 0.9983956, 0.9565575, 0.55656874, 0.04101956, 0.0009999275, 0.2512725, 0.0003642451, 0.01610394, 0.00079902005]",0.16403841972351074,0.30942502617836,3,16,0
06-04-05_240_270,-4.8,0,"[0.00033426285, 0.0005300045, 0.0036776364, 0.0001949668, 3.2037497e-05, 0.0037526786, 0.0029221475, 0.9185289, 3.6239624e-05, 0.5153837, 0.054296166, 0.025631845, 0.8728324, 0.34486353, 0.100858, 0.055452734, 0.0065851468, 8.833501e-05, 0.3121941]",0.16937868297100067,0.28648385405540466,3,16,0
07-10-31_2040_2070,-5.3,0,"[0.999958, 0.7937585, 0.03449297, 0.053868175, 0.064765066, 0.8631068, 0.54311, 0.7703701, 0.42795917, 0.75260687, 0.0067996085, 3.4570694e-05, 0.10608092, 0.06862748, 0.8978915, 0.24231419, 0.7840738, 0.0004687403, 0.064924836]",0.3934321701526642,0.36850664019584656,8,11,0
07-05-16_1110_1140,-4.4,0,"[0.0016421378, 8.940697e-08, 0.009615064, 0.45806187, 0.4188473, 0.0, 5.9604645e-08, 0.0, 0.0, 0.0, 0.0, 0.0, 1.847744e-06, 5.9902668e-05, 2.9802322e-08, 0.0008021593, 2.4479372e-09, 4.4652235e-05, 1.3218902e-05]",0.04679412394762039,0.1345060020685196,0,19,0
07-02-14_960_990,-0.1,0,"[0.0043403804, 0.9960574, 0.13428494, 0.014849007, 0.47602224, 0.9961741, 0.9999391, 0.60136193, 0.01504302, 0.18364823, 0.024812669, 0.34601295, 0.49704525, 0.10424662, 0.044661194, 0.0023560822, 0.0045428867, 0.0014281791, 0.013127583]",0.28736600279808044,0.3580856919288635,4,15,0
07-11-28_720_750,-5.7,0,"[0.0, 4.2796135e-05, 0.0, 5.38826e-05, 0.0, 0.0, 4.7683716e-07, 0.0, 1.5348196e-05, 0.06934285, 0.42407638, 0.17453206, 0.020284563, 0.004852295, 0.08263418, 0.09320375, 0.0008036658, 0.016730132, 0.05945139]",0.049790725111961365,0.09941216558218002,0,19,0
06-12-20_1290_1320,6.7,1,"[0.9538528, 0.92956924, 0.83735883, 0.9982445, 0.99425673, 0.9288846, 0.69713116, 0.26215184, 0.01954326, 0.20270246, 0.054149956, 0.31453332, 0.8409586, 0.9622793, 0.61678445, 0.9972533, 0.9915854, 0.99818134, 0.98769546]",0.715111494064331,0.3454970419406891,14,5,1
06-11-08_1530_1560,3.8,1,"[0.0011252463, 0.37206316, 0.97531086, 0.9780489, 0.96500367, 0.56107557, 0.29004985, 0.18326497, 0.0445576, 0.0034808815, 0.0037216246, 5.185604e-05, 0.0015586913, 0.0005465746, 0.29738128, 0.85324013, 0.9999862, 0.009476059, 0.22642148]",0.3561244606971741,0.3886634111404419,6,13,0
07-02-14_1410_1440,4.7,1,"[0.99996257, 0.9899696, 0.9464866, 0.0005207658, 0.011907041, 0.25967556, 0.090280265, 0.082609415, 0.038758755, 0.004896283, 0.05550304, 0.3460382, 0.9998887, 0.9270586, 0.08049309, 0.061599374, 0.5978008, 0.02865042, 0.0044857883]",0.3435044586658478,0.4018695652484894,6,13,0
06-05-10_2400_2430,7.3,1,"[0.76833916, 0.99640596, 0.98931074, 0.9997605, 0.9896699, 0.9968512, 0.99529064, 0.9862977, 0.9985789, 0.99489737, 0.98984784, 0.9728162, 0.9997989, 0.9998752, 0.9969826, 0.9998877, 0.9657708, 0.97978187, 0.99722195]",0.9798623919487,0.050722651183605194,19,0,1
08-01-23_1530_1560,6.9,1,"[0.043881863, 0.00037622452, 0.99999213, 0.74238294, 0.042563707, 0.94067526, 0.49458665, 0.8894975, 0.6135592, 0.998512, 0.9999987, 0.99994767, 0.96077144, 0.45258456, 0.93346804, 0.9952137, 0.47964767, 0.9999908, 0.99681854]",0.7149720191955566,0.3516743779182434,13,6,1
06-11-15_540_570,-2.9,0,"[0.005071223, 0.00043332577, 0.00013464689, 0.0045050383, 0.5784775, 0.108160615, 0.044238776, 0.0018530786, 0.515855, 0.002836287, 0.821741, 0.98776114, 0.6657964, 0.09126666, 0.80871546, 0.40435886, 0.2657215, 0.009955557, 0.0018858362]",0.27993515133857727,0.33374497294425964,6,13,0
07-02-28_1620_1650,-1.9,0,"[0.9932385, 0.99979293, 0.994272, 0.90945977, 0.02649039, 0.23310325, 0.28393212, 0.21519119, 0.000461936, 0.00970903, 0.057019025, 0.00045990944, 7.498264e-05, 0.005760938, 9.4383955e-05, 0.009516895, 0.13123794, 0.9871545, 0.99981576]",0.3608834743499756,0.42944666743278503,6,13,0
07-05-16_450_480,-5.0,0,"[0.0030707717, 0.08115566, 0.00035104156, 0.31923455, 4.4703484e-07, 0.00019016862, 0.4407442, 0.14202145, 1.1026859e-06, 0.000520736, 0.5601466, 0.013725847, 0.113671094, 0.01094228, 0.116977096, 0.0029730797, 0.0006003744, 8.376547e-06, 0.28331676]",0.10998166352510452,0.16448701918125153,1,18,0
06-10-18_390_420,-5.6,0,"[0.116846204, 0.056303114, 0.09233141, 0.033100784, 0.2241678, 0.091154754, 0.69513756, 0.3478188, 0.43754995, 0.9306797, 0.9648175, 0.75506055, 0.97876126, 0.9999716, 0.117583364, 0.63972926, 0.74613, 0.11993397, 0.13108681]",0.44621914625167847,0.3579147756099701,8,11,0
07-11-14_480_510,-4.1,0,"[0.9766278, 0.0013967454, 0.00038471818, 0.9937446, 0.9999692, 0.030364871, 0.0008663237, 3.8653612e-05, 1.1920929e-07, 0.05664268, 0.0746699, 8.940697e-08, 0.0, 0.2217362, 8.028746e-05, 3.33786e-06, 0.01562889, 0.0058605107, 0.00046631947]",0.1778147965669632,0.35538557171821594,3,16,0
07-09-17_450_480,3.9,1,"[0.5540554, 0.9916525, 0.74412835, 0.99925137, 0.99547535, 0.27906317, 0.015033215, 0.006182015, 0.058629036, 0.3429851, 0.033810318, 0.84714556, 0.6115072, 0.91537446, 0.9181138, 0.9481491, 0.18302393, 0.9963264, 0.96192914]",0.6000965237617493,0.38488611578941345,12,7,1
06-05-31_480_510,-5.5,0,"[0.0025892854, 0.2592957, 0.0011187196, 0.13788128, 0.010175824, 0.16691792, 0.067661285, 0.19211748, 0.82485473, 0.20741588, 0.062815875, 0.9984828, 0.83779085, 0.011068821, 0.09672338, 0.0054475665, 0.00622205, 0.0015823668, 0.0006816029]",0.20478124916553497,0.30733978748321533,3,16,0
06-09-20_420_450,-4.1,0,"[0.82403016, 0.84479034, 0.25286478, 0.22972372, 0.29705048, 0.0106265545, 0.07915282, 0.21940365, 0.00019085407, 0.0005007386, 0.0013889372, 0.0038145483, 0.013651788, 0.008156866, 0.00868392, 0.9080507, 0.7906977, 0.90776235, 3.5448988e-06]",0.28423917293548584,0.3547612428665161,5,14,0
06-11-22_1170_1200,-6.0,0,"[0.0017288029, 0.16138652, 0.82201445, 0.00055617094, 0.008943319, 0.0032099187, 0.08202028, 0.002469778, 1.013279e-05, 1.4036894e-05, 0.63575786, 0.818362, 0.021215767, 0.0041986406, 0.42521876, 0.9755178, 0.40139332, 0.027349457, 0.26928616]",0.24529753625392914,0.3249721825122833,4,15,0
07-05-02_870_900,-2.3,0,"[0.9659295, 0.9997301, 0.05683118, 0.20979428, 0.98605305, 0.0012141466, 0.092815965, 0.001758784, 0.0025838017, 0.020814568, 0.0, 0.0, 5.9604645e-08, 3.0398369e-06, 0.005351126, 0.0083222985, 1.5055135e-06, 5.297617e-07, 1.3102418e-05]",0.17637984454631805,0.35318803787231445,3,16,0
07-11-14_1500_1530,-2.1,0,"[0.005154848, 0.91787934, 0.13249886, 0.0024065673, 0.012157291, 3.501773e-05, 0.29868793, 0.29659587, 0.83101416, 0.0013586879, 0.08934215, 0.075321585, 0.80955535, 0.8419323, 0.0026268363, 0.036162198, 0.00043446026, 0.0076713073, 0.49137047]",0.25537922978401184,0.33321085572242737,4,15,0
06-10-18_840_870,-7.3,0,"[0.88042086, 0.00016701221, 0.024061829, 0.00041276217, 0.0053312182, 0.20480403, 0.11783907, 0.07042673, 0.074391365, 0.078362525, 2.82228e-05, 0.016239524, 0.0, 0.013057888, 5.6415796e-05, 0.0001630485, 0.00082770793, 0.2170621, 0.00030132712]",0.08968176692724228,0.19774404168128967,1,18,0
08-01-15_1170_1200,1.9,1,"[1.1026859e-06, 0.93474245, 0.15381807, 0.007149458, 0.56332964, 0.63066226, 0.045071602, 0.0006894469, 1.1920929e-07, 0.12399337, 0.018327117, 0.043312043, 0.00050988793, 0.9773267, 0.83624065, 0.9996017, 0.9993104, 0.024449537, 0.855323]",0.3796767592430115,0.4153425693511963,8,11,0
06-05-03_570_600,4.0,1,"[0.85043263, 0.5879767, 0.49732685, 0.27826035, 0.9704559, 0.8484781, 0.5218966, 0.9669852, 0.9307612, 0.48421577, 0.8302989, 0.0006329119, 0.00018164515, 0.7625681, 0.96539783, 0.41742423, 0.013098777, 0.023601733, 0.0027772933]",0.523829996585846,0.36476030945777893,10,9,1
08-01-23_1140_1170,-2.5,0,"[0.33953547, 0.006441295, 0.00048184395, 0.10574809, 0.010254145, 0.02631697, 0.01079157, 0.11528495, 0.00024870038, 0.26331013, 0.89134777, 0.029558778, 0.016043782, 0.90884364, 0.7788251, 0.09272337, 0.17668486, 0.47867107, 0.16434544]",0.23239246010780334,0.2998310923576355,3,16,0
06-11-22_1680_1710,-1.7,0,"[2.1636486e-05, 0.00010114908, 0.9447251, 0.0017119348, 0.008219361, 0.36543167, 0.00028318167, 0.0, 0.0, 0.0, 0.0006738901, 0.9267998, 0.0, 8.940697e-08, 0.0001680553, 0.014235318, 0.8036272, 9.138866e-05, 2.421959e-05]",0.16137441992759705,0.32737407088279724,3,16,0
08-01-15_2220_2250,0.4,1,"[0.6563682, 0.19502068, 0.15257671, 0.9999999, 0.9999994, 0.007894784, 0.9164276, 0.04988411, 8.940697e-08, 0.0, 0.018367201, 0.29958552, 0.97775507, 0.5796018, 0.99999666, 0.0062931776, 0.21429402, 0.202873, 0.0034315423]",0.38317734003067017,0.3982860743999481,7,12,0
06-12-20_1260_1290,3.8,1,"[0.36390352, 0.9998215, 0.100712866, 0.041193753, 0.048785627, 0.05294907, 0.026007712, 0.9031905, 0.036742985, 0.12585083, 0.93995225, 0.76982117, 0.014775217, 0.22041282, 0.05386874, 0.014398843, 0.25489262, 0.0033563357, 0.24519943]",0.27451765537261963,0.3405892550945282,4,15,0
06-04-05_990_1020,8.6,1,"[0.84632194, 0.016315997, 0.012745649, 0.93802214, 0.44210666, 0.89174956, 0.99982, 0.9988518, 0.9707379, 0.023498178, 0.9992616, 0.9999951, 0.94924474, 0.9540586, 0.99996203, 0.9997725, 0.9999263, 0.7019963, 0.99621874]",0.7758214473724365,0.3543550968170166,15,4,1
06-09-06_870_900,2.6,1,"[0.9994998, 0.61371994, 0.99913263, 0.86129934, 0.066192746, 0.007401049, 0.9895065, 0.8113376, 0.13501176, 0.6409914, 0.7861201, 0.9927883, 0.99982274, 0.9949324, 0.95541847, 0.7978132, 0.994719, 0.98802084, 0.9588539]",0.76803058385849,0.3249828517436981,16,3,1
08-01-23_1350_1380,-0.2,0,"[0.9806177, 0.94310385, 6.842613e-05, 5.504489e-05, 0.9131771, 0.011283994, 0.22404167, 0.9782244, 0.00068840384, 0.0012441874, 0.0012005568, 0.005494565, 0.0047470033, 0.025910735, 0.013891727, 0.9918971, 0.79447, 0.0714448, 0.121373594]",0.32015445828437805,0.42180773615837097,6,13,0
06-10-04_2190_2220,-0.6,0,"[0.2783193, 0.0177598, 0.9310534, 0.00976643, 0.015037179, 0.8795135, 0.22499073, 0.6950079, 0.79729533, 0.32495782, 0.054177076, 0.84957606, 0.3942093, 0.08947641, 0.31376767, 0.1551553, 0.5358186, 0.026416454, 0.033199813]",0.34871041774749756,0.32302871346473694,6,13,0
06-04-12_1050_1080,4.7,1,"[0.996277, 0.9999718, 0.9776283, 0.041216075, 0.9952992, 0.2329855, 0.9138861, 0.9930326, 0.7652576, 0.0027956367, 0.029402137, 0.41719952, 0.69955975, 0.011187971, 0.006469667, 0.031728387, 0.9982607, 0.012307282, 0.17788081]",0.4895971715450287,0.431715726852417,9,10,0
06-04-12_2430_2460,4.0,1,"[0.9966537, 0.9984784, 0.8730919, 0.37176573, 0.99409366, 0.97478205, 0.99960685, 0.93493026, 0.99580187, 0.998925, 0.7943044, 0.56099564, 0.9987366, 0.08749932, 0.9994364, 1.0, 0.99999917, 0.8681606, 0.7320094]",0.8515405058860779,0.24643276631832123,17,2,1
06-11-29_1830_1860,-4.6,0,"[0.00031262636, 0.015646547, 0.00019773841, 0.0012701452, 0.11917028, 0.42754433, 0.06412953, 0.0008326173, 0.03927067, 0.027239531, 9.745359e-06, 0.0039817095, 0.00033164024, 0.0008122623, 0.02541101, 0.0803633, 5.9163736e-05, 0.0003221996, 0.018674167]",0.04345153644680977,0.09603630751371384,0,19,0
07-02-21_2160_2190,-1.9,0,"[0.0017675459, 0.9864985, 0.4367531, 0.04202339, 0.52161837, 0.8703562, 0.9922085, 0.25895947, 0.016918033, 0.07440412, 0.55336565, 0.8816606, 0.30230004, 0.030638605, 0.088691056, 0.13068572, 0.7027871, 0.77609104, 0.9102905]",0.4514745771884918,0.3631422519683838,9,10,0
07-06-20_570_600,-0.3,0,"[0.8597311, 0.018421113, 8.940697e-08, 0.68716097, 0.06814179, 0.06430912, 0.04331979, 0.0006464422, 0.053303987, 0.040492266, 0.12114453, 0.0045045614, 0.00405097, 0.04011938, 0.48932225, 0.45312676, 0.6335234, 0.04935138, 0.92507744]",0.23977616429328918,0.312467485666275,4,15,0
08-01-30_480_510,2.1,1,"[0.9135702, 0.9842705, 0.936277, 0.5997151, 0.92396474, 0.024220556, 0.9999994, 0.9999914, 0.9996047, 0.9986566, 0.9999181, 0.99994767, 0.99499357, 0.7696599, 0.9494324, 0.9264937, 0.9891588, 0.04680099, 0.99749017]",0.8449560403823853,0.2940601110458374,17,2,1
07-09-17_1380_1410,2.9,1,"[0.011025161, 0.98399067, 0.57622886, 0.37208617, 0.97837746, 0.34747458, 0.38585094, 0.15875727, 0.34768116, 0.37138492, 0.9962916, 0.99612486, 0.9528127, 0.6313476, 0.94936574, 0.77263284, 0.045896497, 0.8752577, 0.9999113]",0.6185525059700012,0.34318476915359497,11,8,1
06-05-10_510_540,7.6,1,"[0.07034424, 0.99996424, 0.9309934, 0.8704648, 0.9862957, 0.99647367, 0.9817857, 0.9997382, 0.99986964, 0.43630975, 0.9951767, 0.99982655, 0.9158161, 0.065282226, 0.9808105, 0.9996468, 0.91249526, 0.98522085, 0.9984823]",0.8486840128898621,0.29541224241256714,16,3,1
07-12-19_1740_1770,-2.6,0,"[0.0015951991, 0.8463659, 0.16627243, 0.011021912, 0.28463107, 0.67657053, 0.0, 0.015096754, 0.44547817, 0.43116286, 0.071722955, 0.8331625, 0.000115305185, 2.9802322e-08, 9.998679e-05, 0.25423568, 1.7752145e-30, 0.0, 3.8586845e-07]",0.2125016450881958,0.28776875138282776,3,16,0
07-03-28_780_810,4.0,1,"[0.87139744, 0.040691495, 0.5266927, 0.028496772, 0.03749004, 0.00014686584, 0.6174776, 0.037102282, 0.021751136, 0.00075376034, 0.65006626, 0.023146093, 0.012738913, 0.016872585, 0.9290417, 0.13515276, 0.08368395, 0.0019525127, 0.72145224]",0.2503214478492737,0.32972389459609985,6,13,0
06-09-13_1830_1860,5.2,1,"[0.8822129, 0.86400557, 0.77607155, 0.9956124, 0.9857901, 1.0, 0.99962825, 0.9995903, 0.99999595, 0.9986929, 0.9993131, 0.53513634, 0.99764127, 0.9169598, 0.99251276, 0.9796035, 0.9999281, 0.9828554, 0.99999464]",0.9423970580101013,0.1131969764828682,19,0,1
08-01-15_960_990,2.5,1,"[0.7669445, 0.00088989735, 0.98310053, 0.333233, 0.9551159, 0.955856, 0.5524893, 0.08825189, 4.3213367e-06, 0.0, 0.09591773, 0.5142478, 0.012497991, 0.99924123, 0.9999976, 0.9845772, 0.98312855, 0.987252, 0.3949558]",0.5583000779151917,0.4117530882358551,11,8,1
07-03-28_1320_1350,6.1,1,"[0.9819139, 0.9959494, 0.6030586, 0.75862306, 0.1579895, 0.9127424, 0.99886614, 0.9999769, 0.99999917, 1.0, 0.9905747, 0.4012897, 0.98811615, 0.99998516, 0.7240718, 0.28903848, 0.95900875, 0.9994885, 0.94890213]",0.8268207907676697,0.2623290419578552,16,3,1
08-01-23_2280_2310,2.0,1,"[0.5255112, 0.77303946, 0.9148977, 0.07786849, 0.047440827, 0.51266414, 0.98245585, 0.3128177, 0.98834926, 0.9632634, 0.9645124, 0.65329605, 0.9944174, 0.49632928, 0.6859664, 0.99798775, 0.041193508, 0.0001567686, 2.9817553e-05]",0.5753787755966187,0.37836724519729614,12,7,1
07-02-28_450_480,-0.9,0,"[0.0032740533, 0.000100106, 0.18685207, 0.0021607876, 0.96273303, 0.06773612, 0.002808541, 1.1920929e-07, 0.0035525858, 6.4969063e-06, 1.4692545e-05, 0.00090539455, 0.0053915083, 0.985422, 0.70994574, 0.00015097857, 0.5098732, 0.07281466, 0.048167348]",0.18746893107891083,0.3277794122695923,4,15,0
08-02-06_2070_2100,-5.5,0,"[0.059760034, 0.025234789, 0.011722475, 0.0033613741, 0.21506265, 0.08664769, 4.285574e-05, 0.43742546, 0.005406767, 0.074029654, 0.6815979, 0.004026115, 0.0009019971, 0.99428433, 0.94853944, 0.0005261004, 0.00077858777, 0.003951971, 0.010813708]",0.18758495151996613,0.3194936513900757,3,16,0
07-05-30_240_270,-5.9,0,"[3.874302e-07, 0.47001523, 9.2446804e-05, 4.6163797e-05, 0.01018399, 0.042606175, 0.040461957, 1.1920929e-07, 2.9802322e-07, 1.7285347e-06, 0.030671537, 0.8376565, 0.24808925, 0.06590876, 0.04359278, 0.0051157475, 9.019718e-05, 0.99891233, 1.7622697e-05]",0.14702437818050385,0.2885551154613495,2,17,0
08-01-23_1500_1530,3.0,1,"[0.9860202, 0.8217031, 0.99995506, 0.999824, 0.059166133, 0.9450485, 0.46130168, 0.9926347, 0.9914349, 0.92879415, 0.8224287, 0.9876323, 0.42040628, 0.99921346, 0.5766653, 0.77300745, 0.04534937, 0.004090354, 0.6359416]",0.7079272270202637,0.3425006866455078,14,5,1
06-12-13_240_270,-4.9,0,"[0.29545364, 0.3414938, 0.18810788, 0.115914404, 0.45470157, 0.9904467, 0.17964303, 0.05096495, 0.004792154, 7.149577e-05, 0.37333328, 0.06203085, 0.25748873, 0.0031521916, 0.09369719, 0.00030383468, 0.0021309361, 0.95499694, 0.4525708]",0.25375232100486755,0.2890188694000244,2,17,0
07-11-14_1350_1380,-2.0,0,"[0.00072571635, 0.21326014, 0.043876678, 0.2719831, 0.00016114116, 9.953976e-06, 2.0593405e-05, 0.1543417, 0.95422095, 0.55722034, 0.6028584, 0.018526793, 0.16828278, 0.0013723373, 0.0024156272, 0.018441558, 0.67705154, 0.047097947, 0.005568187]",0.1967071294784546,0.2794873118400574,4,15,0
06-09-13_1680_1710,-3.8,0,"[0.5017074, 0.024600804, 0.009082794, 0.99994653, 0.7253598, 0.21323615, 0.48398665, 0.008719385, 0.00041598082, 2.9802322e-08, 0.0, 4.2766333e-05, 0.38637555, 0.40436336, 0.6401356, 0.9798707, 0.37034377, 0.8429776, 0.52929705]",0.3747611343860626,0.34030881524086,7,12,0
07-09-17_600_630,3.9,1,"[0.8261206, 0.8740664, 0.077902764, 0.87381697, 0.9719587, 0.99912405, 0.99996257, 0.95672095, 0.43223542, 0.9775895, 0.78816587, 0.103422105, 0.9316735, 0.32848638, 0.05613777, 0.00012382865, 7.612818e-05, 0.40092298, 0.14003864]",0.565186619758606,0.3932880163192749,10,9,1
07-04-11_1710_1740,-2.1,0,"[0.00024664402, 0.9999957, 0.58224064, 0.07657546, 0.15505773, 0.61783165, 0.34800237, 0.42739314, 0.007580757, 0.90772885, 0.8719479, 0.08417669, 0.5648918, 0.22716367, 0.9721367, 0.9967638, 0.8766855, 0.03674454, 0.11952957]",0.4669838547706604,0.3696300685405731,9,10,0
06-11-08_1050_1080,2.3,1,"[0.1732502, 0.032717705, 0.22477338, 9.7543e-05, 0.9876179, 0.4753388, 0.9015223, 0.5896971, 0.99996924, 0.92047095, 0.85757947, 0.98383707, 0.013163149, 0.09724748, 0.8447863, 0.8251388, 0.14275073, 0.017528944, 0.6866102]",0.5144261717796326,0.3881283700466156,10,9,1
07-01-31_1710_1740,4.3,1,"[0.99842846, 0.9943038, 0.62901723, 0.99820507, 0.9883526, 0.94881165, 0.02300036, 0.14607051, 0.97997546, 0.88502353, 0.9982621, 0.99587214, 0.9958492, 0.8914414, 0.9976865, 0.99261093, 0.9112739, 0.023283742, 0.9768629]",0.8091753125190735,0.3340472877025604,16,3,1
06-05-17_1140_1170,-0.3,0,"[0.00035384297, 0.9198105, 0.61778945, 0.65089655, 0.94314253, 0.40067694, 0.99455595, 0.212699, 0.17108935, 0.07918939, 0.10015777, 0.10912526, 0.0054080486, 0.021118939, 0.2389861, 0.93213326, 0.2752715, 0.115660794, 0.9755619]",0.4086119532585144,0.3690906763076782,7,12,0
08-02-06_870_900,-4.3,0,"[0.017212003, 0.40430185, 0.11683759, 0.08990282, 0.16336069, 0.14773482, 0.09247655, 0.04948497, 0.9989624, 0.00010511279, 0.00022751093, 0.046050638, 0.051861256, 0.74738634, 0.95492756, 0.9692427, 0.00092436356, 0.004135101, 0.001142664]",0.25559353828430176,0.35662373900413513,4,15,0
06-11-15_390_420,-2.7,0,"[2.9802322e-08, 0.9748757, 0.8269026, 0.0014767349, 0.08853242, 0.56088555, 0.14491212, 0.7545043, 4.7385693e-06, 0.16635674, 0.028354734, 0.2748431, 0.99618715, 0.32250673, 0.0028285086, 0.014191419, 0.28569204, 0.05845156, 0.0018138152]",0.2896484434604645,0.343242883682251,5,14,0
06-09-13_1050_1080,5.4,1,"[0.94734484, 0.21066141, 0.91768533, 0.9999442, 0.796189, 0.23140213, 0.0031062067, 0.0, 0.94579875, 0.95393384, 0.99989593, 0.99110085, 0.05569157, 0.0022046566, 0.40993538, 0.05491811, 0.47192603, 0.9741829, 0.9834642]",0.5762833952903748,0.41429173946380615,10,9,1
07-02-14_2070_2100,0.4,1,"[0.13477296, 0.27488786, 0.0019983947, 0.94033635, 0.014734864, 0.004482299, 0.9873078, 0.05605501, 0.7721585, 0.4319269, 2.0861626e-07, 0.0068758726, 0.32059538, 0.9423622, 0.9999993, 0.59365726, 0.016243428, 0.2991389, 0.017189069]",0.35866960883140564,0.3789195716381073,6,13,0
06-11-22_1020_1050,-6.2,0,"[0.019298375, 0.04809457, 0.34280688, 0.0048915446, 0.0010242164, 0.9468704, 0.9856672, 0.9443072, 0.6660319, 0.16631222, 0.1007548, 4.053116e-06, 0.0, 0.8280003, 8.34465e-07, 0.0, 0.0041095275, 0.4177534, 0.04200396]",0.2904174327850342,0.3714010715484619,5,14,0
07-02-21_1890_1920,0.6,1,"[0.9758793, 0.99860847, 0.9995508, 0.9997892, 0.93290544, 0.9946939, 0.93166244, 0.99990577, 0.9999462, 0.99932474, 0.9805231, 0.9793287, 0.9976394, 0.9993074, 0.9971852, 0.06880438, 0.3594973, 0.26158753, 0.44120264]",0.8377547860145569,0.2942729592323303,15,4,1
06-09-20_1500_1530,-4.1,0,"[0.15076247, 0.6024001, 0.9986524, 0.5724194, 0.21678266, 0.97506654, 0.69742036, 0.0031746328, 0.008343667, 0.021622837, 0.011819065, 0.056287706, 0.5580179, 0.11741668, 0.00011882186, 0.00027537346, 0.118612416, 0.23275076, 0.31657052]",0.29781651496887207,0.32501140236854553,6,13,0
07-02-28_2070_2100,-2.9,0,"[0.0739207, 0.9886483, 0.056712568, 0.8014709, 0.18422848, 0.8235517, 0.8133285, 0.997066, 0.97152245, 0.11392707, 0.8698778, 0.2995666, 0.39811125, 0.8825454, 0.076455355, 0.021100938, 0.9987494, 0.57386035, 0.94905865]",0.5733527541160583,0.3786965012550354,11,8,1
06-09-06_120_150,-5.3,0,"[0.00030201674, 0.2478768, 0.04943645, 0.00025704503, 2.4199486e-05, 0.03735584, 0.61041725, 0.9992374, 0.36333492, 0.008985609, 0.10506749, 0.032861263, 0.93487763, 0.059729517, 0.8588853, 0.1273905, 0.054783344, 0.04408186, 0.9890238]",0.29073306918144226,0.36915117502212524,5,14,0
06-09-13_1110_1140,6.6,1,"[0.0049765706, 0.994355, 0.9025246, 0.99944353, 1.0, 0.86204934, 0.43655694, 0.85774326, 0.93405116, 0.9899111, 0.39606357, 0.62683016, 0.9980054, 0.5620047, 0.98095363, 0.9922273, 0.9875808, 0.9832023, 0.9977155]",0.8161155581474304,0.2729024291038513,16,3,1
07-01-17_1680_1710,-2.2,0,"[0.06212485, 0.02858752, 0.981439, 0.29888406, 0.27145803, 0.0011521578, 0.27243966, 0.9691739, 0.0299654, 0.0013655722, 0.00089517236, 0.024960667, 0.9921475, 0.93432605, 0.31395286, 0.002862364, 0.01114877, 0.9585852, 0.00051934103]",0.3239993751049042,0.39910009503364563,5,14,0
06-05-24_1470_1500,1.8,1,"[0.080510706, 0.0017262101, 0.088531256, 0.5059169, 0.72624266, 0.8902478, 0.9995729, 0.70899606, 0.9792518, 0.5307148, 0.99069643, 0.99887186, 0.99998915, 0.10443622, 0.094311446, 0.88589704, 0.00517141, 0.17118943, 0.002286017]",0.5139241814613342,0.4057202637195587,11,8,1
06-05-10_2160_2190,3.8,1,"[0.9997382, 0.9998117, 0.9997436, 0.99994636, 0.9994489, 0.9998426, 0.9994017, 0.99984854, 0.999115, 0.9996047, 0.99444056, 0.9996697, 0.99229777, 0.9939051, 0.9998189, 0.99999845, 0.9592633, 0.9992955, 0.99989414]",0.9965834617614746,0.009083060547709465,19,0,1
08-01-30_1230_1260,2.0,1,"[0.976381, 0.97955954, 0.068672955, 0.8659091, 0.96559036, 0.86482155, 0.9979899, 0.80775326, 0.9587418, 0.00031775236, 0.28556728, 0.989434, 0.9331814, 0.6900667, 0.9998952, 0.46202257, 0.17732885, 0.6751813, 0.89845574]",0.7156247496604919,0.3324844241142273,14,5,1
06-11-15_240_270,-4.9,0,"[0.028150856, 0.17297873, 0.04305035, 0.52423346, 0.010243058, 0.0013410747, 0.0392825, 0.022892118, 6.955862e-05, 5.915761e-05, 0.0051066577, 0.08442566, 0.90346885, 0.034954906, 0.034597903, 0.021649748, 0.0013906207, 0.30245364, 0.007807009]",0.11779767274856567,0.22521930932998657,2,17,0
06-12-20_1620_1650,2.9,1,"[0.0007240176, 0.092861295, 0.0016278327, 0.19120538, 0.9215056, 0.9824834, 0.9360031, 0.9456479, 0.9310821, 0.034746975, 0.13146022, 0.73717177, 0.011823297, 0.1700409, 0.7093699, 0.6891527, 0.32971203, 0.2813616, 0.091107726]",0.4310046136379242,0.3792402148246765,8,11,0
06-10-18_1380_1410,-4.2,0,"[0.9722336, 0.7662563, 0.9787499, 0.010277271, 0.7871387, 0.8567403, 0.4981078, 0.003145069, 0.0015218258, 0.015840024, 0.51676047, 0.121399224, 0.0017516613, 0.93401045, 0.36280257, 0.93638706, 0.2280795, 0.9065139, 0.09934251]",0.4735293686389923,0.38921645283699036,9,10,0
08-01-15_1350_1380,2.7,1,"[0.0005527437, 0.2631338, 0.47476506, 0.0016157925, 0.0672237, 0.0109882355, 0.21153817, 0.009418666, 0.030826539, 0.035979092, 0.0012391806, 5.00679e-05, 0.09945953, 0.93190265, 0.96684504, 0.05263129, 0.8265842, 0.58892125, 0.9043036]",0.2883146405220032,0.35767632722854614,5,14,0
07-03-28_990_1020,-1.1,0,"[0.13018095, 0.06393975, 0.9521084, 0.4045111, 0.4583016, 2.732873e-05, 0.0068210065, 0.12371063, 0.76663804, 0.4519606, 0.48764494, 0.5027395, 4.479289e-05, 0.00017219782, 0.07656765, 0.96920806, 0.00012670284, 0.001916793, 0.012815065]",0.28470712900161743,0.3247998058795929,4,15,0
06-09-06_2160_2190,2.1,1,"[0.99595064, 0.41001996, 0.9321053, 0.5670408, 0.061858594, 0.9999676, 0.743899, 0.92570287, 0.48119265, 0.22389957, 0.68441594, 0.8752699, 0.0030826032, 0.47623625, 0.4936541, 0.40047184, 0.83834326, 0.4764319, 0.0008539317]",0.5573892593383789,0.31940558552742004,9,10,0
07-02-14_630_660,-5.0,0,"[0.5824429, 0.82178736, 0.00056761503, 0.3457986, 0.99941576, 0.88145566, 0.46105874, 0.019178987, 0.8510084, 0.028633922, 0.000100284815, 0.0, 6.2584877e-07, 0.0006340742, 0.053406745, 0.06004396, 0.19363326, 0.017872, 0.08188388]",0.2841538190841675,0.3527916371822357,5,14,0
07-11-14_300_330,-6.1,0,"[0.04808852, 0.8348775, 0.0059634447, 0.00031101704, 0.006182164, 0.0046620965, 2.3841858e-07, 0.0, 0.0008353889, 0.87001663, 0.106833875, 0.04112339, 0.015589029, 0.00014036894, 0.8124278, 0.017528862, 0.019162308, 0.0072525847, 0.45242518]",0.1707063466310501,0.30620667338371277,3,16,0
07-11-28_690_720,-5.7,0,"[0.09311059, 5.9604645e-08, 0.0, 5.364418e-07, 0.0, 0.7961209, 0.7173622, 0.95730126, 0.0047760904, 0.008477896, 0.9741311, 1.3709068e-06, 0.0, 0.0, 7.390976e-06, 7.542968e-05, 0.00011045813, 0.028701361, 2.919167e-05]",0.18843187391757965,0.35159316658973694,4,15,0
06-05-31_2280_2310,-0.2,0,"[0.034060627, 0.0013601482, 0.1265943, 0.05981475, 0.8699139, 0.08956355, 0.81008184, 0.2588626, 0.059990466, 0.21429905, 0.011433274, 0.018074721, 0.0009151101, 0.93113244, 0.7379049, 0.03855142, 0.12491119, 0.8262145, 0.0016114954]",0.27448898553848267,0.34323960542678833,5,14,0
08-02-06_2040_2070,1.5,1,"[0.03714797, 0.98306227, 0.9313581, 0.9989822, 0.93190193, 0.10911769, 0.0039973855, 0.99937713, 0.13146868, 0.00022956729, 0.27056214, 0.110303104, 0.04382983, 0.033607185, 0.0017766654, 0.018229187, 0.98965645, 0.70215404, 0.44415405]",0.40741661190986633,0.4189133644104004,7,12,0
07-01-31_1980_2010,1.0,1,"[0.89456034, 0.91425884, 0.6360463, 0.5826965, 0.264374, 0.35231888, 0.47093993, 0.9810829, 0.0006637573, 0.36955327, 0.0013754666, 0.9982842, 0.9922577, 0.79939836, 0.00040903687, 0.00015360117, 0.0007499176, 0.059556287, 0.46198493]",0.46214017271995544,0.3751746118068695,8,11,0
06-05-17_1800_1830,-0.9,0,"[1.6599894e-05, 1.3232231e-05, 0.19531137, 0.24873307, 0.9009676, 0.8840414, 0.8814207, 0.9817247, 0.278068, 0.026503205, 0.044734716, 0.5640889, 0.050551534, 0.6380303, 0.7825611, 0.009149283, 4.247035e-05, 0.049378768, 0.0036077127]",0.3441549837589264,0.37037384510040283,7,12,0
06-10-11_840_870,-6.1,0,"[0.9889301, 0.2539434, 0.4593001, 0.5474877, 0.22059307, 0.63864404, 0.09245551, 0.16495556, 0.096964836, 0.0007658005, 0.1805934, 0.04789126, 0.0025535226, 0.6814714, 0.059760362, 0.00036743283, 0.8995941, 0.9135419, 0.83677286]",0.37297824025154114,0.344782292842865,7,12,0
07-02-21_1590_1620,4.6,1,"[0.98887265, 0.99876773, 0.013575792, 0.9931383, 0.99683154, 0.97736466, 0.99158204, 0.9999871, 0.9988903, 0.99917006, 0.9998876, 0.9997531, 0.99999094, 0.99997836, 0.99357104, 0.9972742, 0.989781, 0.9918744, 0.9998579]",0.9436920285224915,0.21930253505706787,18,1,1
07-02-14_1500_1530,-0.6,0,"[0.8147676, 0.391839, 0.8080475, 0.003995776, 0.39050984, 0.8640791, 0.115626425, 0.009465396, 0.007980704, 2.682209e-07, 0.85307026, 4.0590763e-05, 2.3841858e-07, 0.0027003288, 0.0086970925, 0.024304658, 0.30601072, 0.042284902, 0.004773512]",0.24464181065559387,0.33004844188690186,4,15,0
06-06-07_330_360,-4.5,0,"[0.7414963, 0.89411926, 0.33679754, 0.19425559, 0.9188771, 0.028227806, 0.84843695, 0.8606415, 0.85052145, 0.2508745, 0.9936601, 0.7482003, 0.9184531, 0.8581649, 0.010647416, 0.052460223, 0.02847555, 0.18115236, 0.99948174]",0.563944399356842,0.3778352737426758,11,8,1
06-11-08_1560_1590,-1.9,0,"[0.6858166, 0.49727777, 0.46741784, 0.006822318, 0.07647005, 0.00022351742, 9.62615e-06, 0.024366856, 0.0036390722, 5.066395e-07, 0.056615263, 4.172325e-07, 0.00017735362, 0.0008650124, 0.001773417, 6.2584877e-07, 3.4669222e-11, 1.1989473e-08, 0.002973582]",0.09602367132902145,0.20139485597610474,1,18,0
07-02-14_1170_1200,-3.0,0,"[0.00041884184, 0.21131536, 0.99761677, 0.7526138, 0.7286495, 0.04470864, 0.7199111, 0.7328794, 0.120928705, 0.53381264, 0.62138677, 3.1590462e-06, 0.0021071434, 0.0050185025, 0.0006186664, 0.13581002, 0.6741311, 0.65633476, 0.5418318]",0.3936893045902252,0.3350400924682617,10,9,1
07-11-28_2220_2250,-5.6,0,"[0.006966114, 0.017238438, 0.005277306, 0.8975878, 0.99721783, 0.83325243, 0.9660373, 0.17423058, 0.9895128, 0.9763864, 0.027772188, 0.9982054, 0.9999892, 0.6756753, 0.9691161, 0.8071923, 0.8082106, 0.0036306393, 0.9820098]",0.6387109756469727,0.41686585545539856,13,6,1
07-05-02_2010_2040,-2.7,0,"[0.9576216, 0.35566834, 0.2801633, 0.015573591, 0.27452087, 0.46788454, 0.014325112, 0.25034553, 0.00034484267, 0.045380592, 0.14930815, 0.97182596, 0.26190168, 0.015737355, 0.008366764, 0.24498147, 0.01740557, 3.719369e-05, 2.8953286e-06]",0.22796817123889923,0.28928548097610474,2,17,0
08-01-09_510_540,-4.8,0,"[0.0077047944, 0.52516097, 0.07176781, 0.15186602, 0.038088083, 0.6164387, 0.009176552, 0.0044976473, 0.89459777, 9.611249e-05, 0.000125736, 0.0037098825, 0.00041225553, 0.056681126, 0.0012136698, 0.002352506, 0.64730394, 0.011045909, 0.5492348]",0.18902496993541718,0.2838701605796814,5,14,0
06-12-13_900_930,-1.4,0,"[0.21271619, 0.9012944, 0.9553038, 0.9948666, 0.9736153, 0.64902085, 0.18308926, 0.73476547, 0.65528446, 0.99981326, 0.98422444, 0.7442966, 0.96860164, 0.029976338, 0.0004516244, 0.9772765, 0.0024243249, 0.00039671364, 0.06444366]",0.5806242823600769,0.40698832273483276,12,7,1
06-11-08_2160_2190,-1.0,0,"[0.21344385, 0.010535181, 0.00026592612, 0.00088998675, 0.97242063, 0.024063915, 0.23820543, 0.09112978, 0.0022072792, 0.12444627, 0.2373634, 0.08915648, 0.0010879636, 0.04562494, 0.8616526, 0.043961853, 0.13691227, 0.00083452783, 0.0018556454]",0.16295042634010315,0.2711947560310364,2,17,0
08-01-23_1260_1290,0.3,1,"[0.06670457, 0.9857783, 0.06917003, 0.98161566, 0.9853909, 0.31785226, 0.75240165, 0.017698467, 0.93318343, 0.9828627, 0.9371607, 0.83448637, 0.98285586, 0.9757837, 0.059026062, 0.91509676, 0.99960655, 0.049553886, 0.58660287]",0.6543595194816589,0.39495325088500977,13,6,1
06-12-06_1770_1800,-3.3,0,"[0.38117412, 0.99878025, 0.11121935, 5.8323145e-05, 0.14561412, 0.20400909, 0.6632583, 0.8421104, 0.08632478, 0.2635792, 0.6371044, 0.9999124, 0.16705278, 0.98464495, 0.0009597838, 0.43519622, 0.025894066, 0.017593581, 0.6135013]",0.3988414704799652,0.3547824025154114,7,12,0
08-02-06_360_390,1.1,1,"[0.72872376, 0.889203, 0.009592891, 0.00226596, 0.42672095, 0.07677427, 0.14218333, 1.168251e-05, 0.010402858, 0.61387503, 0.8834368, 0.00032013655, 0.43509194, 0.0012522936, 0.06268641, 6.7055225e-06, 3.4929042e-06, 0.0121139195, 0.9498713]",0.27602824568748474,0.3505955934524536,5,14,0
07-02-14_2010_2040,2.1,1,"[0.16210923, 0.90877235, 0.00040513277, 0.5238388, 0.3938946, 0.9999739, 0.1418725, 0.6939049, 0.9813756, 0.99156165, 0.9685954, 0.31250066, 0.70004666, 0.0032951236, 0.0029282272, 0.998324, 0.020347271, 0.40360552, 0.40575024]",0.5059527158737183,0.37810590863227844,9,10,0
06-04-12_1890_1920,2.7,1,"[0.94555116, 0.2667265, 0.28777233, 0.955291, 0.9974127, 0.89195573, 0.04138279, 0.0019977689, 0.0074519217, 0.9483607, 0.99929607, 0.99988675, 0.6086511, 0.794088, 0.9632422, 0.5248693, 0.06041662, 0.021988282, 0.0015857576]",0.5430487394332886,0.41396039724349976,11,8,1
08-01-15_1470_1500,-1.0,0,"[0.15148813, 0.0015142858, 0.0073464513, 0.1628829, 6.765127e-06, 0.0050946474, 0.057495266, 0.1392599, 0.82878256, 0.98047566, 0.09692964, 0.7630206, 0.030523777, 0.94263524, 0.097690016, 0.027246416, 0.78744787, 0.025986465, 0.70811194]",0.30599677562713623,0.36670467257499695,6,13,0
07-05-23_1860_1890,-4.1,0,"[0.5745206, 0.028826684, 1.4901161e-07, 0.11333677, 0.95782363, 0.53868735, 0.94034445, 0.009013027, 6.198883e-05, 0.18005455, 0.029663265, 0.0585922, 0.17394221, 0.14627942, 0.911209, 0.19656324, 0.014206136, 0.22012678, 0.975752]",0.3194212019443512,0.35947296023368835,6,13,0
07-10-31_1770_1800,6.5,1,"[0.9999999, 0.9951617, 0.9941785, 0.020626634, 0.3488515, 0.9994539, 0.9999996, 0.99964297, 0.810773, 0.9900256, 0.0025537312, 0.8145359, 0.032306314, 0.9986328, 0.0072245, 0.74136114, 0.99934715, 1.0, 0.9133737]",0.71937096118927,0.3939383327960968,14,5,1
07-01-31_2130_2160,2.1,1,"[0.39522755, 0.9975172, 0.9954047, 0.91082406, 0.98384833, 0.9997609, 0.9374479, 0.3741756, 0.4273683, 0.36696666, 0.08338076, 0.8257488, 0.002526462, 0.008890718, 0.0003232062, 0.0076682568, 0.011146915, 2.8199878e-07, 0.06271622]",0.44162851572036743,0.4143869876861572,7,12,0
08-01-09_930_960,-5.0,0,"[0.88406515, 0.4403521, 0.03635621, 6.738305e-05, 0.08249444, 0.0029524565, 0.0013655126, 0.0089176595, 0.3346852, 0.6267017, 0.08905786, 0.048043758, 0.09316337, 0.7361831, 0.0029531121, 0.0054289103, 0.03040474, 0.062442444, 0.2949279]",0.1989770233631134,0.2703751027584076,3,16,0
06-11-15_1620_1650,-5.0,0,"[0.020105481, 6.7949295e-06, 0.008986592, 0.8181374, 0.13198176, 0.006046653, 0.28615212, 0.13371727, 0.038048774, 0.57376146, 0.0118533075, 0.03219399, 0.00018021464, 0.041018754, 0.03264886, 2.8014183e-06, 0.00688677, 0.0007940329, 0.004423682]",0.11299719661474228,0.21510060131549835,2,17,0
07-11-14_750_780,-5.1,0,"[0.008419901, 0.041596174, 0.00010949373, 0.06983507, 0.0004453659, 0.0007453263, 0.9628799, 6.9111586e-05, 0.11273745, 0.00016927719, 0.020329118, 0.27834904, 0.002589494, 0.0017888248, 2.3841858e-07, 8.940697e-08, 0.020672197, 0.00026557114, 1.8115925e-05]",0.0800536721944809,0.21801640093326569,1,18,0
06-12-20_150_180,-4.7,0,"[0.009080499, 0.9776326, 0.9566549, 0.05021906, 0.009044021, 2.1904707e-05, 0.92962825, 0.20980138, 0.0025383532, 0.12273905, 0.00013273954, 0.0010762811, 9.506941e-06, 0.014477342, 0.9928156, 0.003471315, 0.045734208, 0.009588985, 0.004325869]",0.22836799919605255,0.38348525762557983,4,15,0
06-11-22_510_540,-7.3,0,"[0.8924461, 0.11695391, 0.9358462, 0.8161203, 0.09020108, 0.03579098, 0.12724969, 0.04050702, 0.0010988116, 0.020354211, 0.04557684, 0.003947556, 0.045464367, 0.0015997589, 0.99997246, 0.0021369755, 0.00062215107, 0.06282682, 0.06549745]",0.22653751075267792,0.3566620349884033,4,15,0
07-04-11_660_690,-5.2,0,"[2.8908253e-06, 0.00012046099, 6.854534e-07, 0.025924921, 0.00053858757, 8.401275e-05, 0.111306876, 0.0002180934, 0.0026114285, 0.0015871525, 0.63396794, 0.016953498, 0.014775485, 5.2839518e-05, 9.655952e-06, 0.0007918179, 0.0011754967, 0.012958085, 0.0013491522]",0.04339100047945976,0.14140108227729797,1,18,0
07-05-23_1350_1380,-4.6,0,"[0.9854088, 0.0013352633, 0.95714086, 0.6490133, 0.46539962, 0.02525711, 0.8492165, 0.7378978, 0.020911217, 0.06949839, 0.00063458085, 0.029275924, 0.00083208084, 0.0036874115, 0.0028572083, 0.09210485, 0.80426025, 0.101854205, 0.00011445369]",0.30508947372436523,0.37659087777137756,6,13,0
06-10-11_1380_1410,-6.1,0,"[0.935897, 0.06496748, 0.0049439073, 0.166587, 0.025653958, 0.02011916, 0.009806842, 0.34859464, 0.046367377, 0.08166945, 0.14524579, 0.7434968, 0.7889222, 0.036918014, 0.024670571, 0.00029981136, 0.017367957, 0.43609172, 0.12420242]",0.21167483925819397,0.28948554396629333,3,16,0
07-04-25_660_690,-1.8,0,"[0.57813585, 0.024137259, 0.0150586665, 0.7460412, 0.13557053, 0.94284844, 0.0016091764, 0.002360791, 0.11961573, 0.48562625, 0.995445, 0.0008556843, 0.00010365248, 0.93982005, 0.0012281239, 0.021928728, 0.02970381, 0.6011875, 0.012464359]",0.2975653111934662,0.3701978027820587,6,13,0
07-01-31_1590_1620,2.7,1,"[0.00075769424, 0.52812594, 0.04802385, 0.94396204, 0.227029, 0.16699949, 0.025429249, 0.00041982532, 0.04693058, 0.9185767, 0.9988684, 0.9224937, 0.5531014, 0.010698527, 0.961149, 0.9349165, 0.7475856, 0.5940306, 0.96831584]",0.5051270723342896,0.40081986784935,11,8,1
08-01-15_1920_1950,5.1,1,"[0.5402171, 0.029993474, 0.96181595, 0.80854315, 0.027939707, 0.10775182, 0.65959835, 0.9951722, 0.016599715, 0.96852094, 0.73516667, 0.70035243, 0.9999188, 0.57920843, 0.9956398, 0.22844046, 4.1032086e-05, 0.99921334, 0.99975735]",0.5975732207298279,0.38869765400886536,13,6,1
